id;V25_R;V10;V40;V55;V11;V26_R;V41;V56_R;V12_R;V27;V42_R;V57;V4;V19;V49;V34;V5;V50;V20;V35;V6;V36;V21;V51;V13_R;V28_R;V43_R;V58_R;V14_R;V29_R;V44_R;V59_R;V30_R;V45_R;V60_R;V15_R;V8;V23;V38_R;V53;V9_R;V24;V39_R;V54_R;V7;V22;V37_R;V52_R;V2;V17;V32_R;V47;V3;V18_R;V33;V48;V1;V46_R;V31_R;V16
1;4;4;4;4;4;4;4;4;4;4;4;4;4;4;4;4;3;4;4;4;4;4;4;4;4;4;1;4;4;4;4;4;1;4;3;4;4;4;4;4;4;4;2;4;3;4;1;4;2;1;4;4;4;4;4;4;3;4;4;4
2;3;4;3;4;4;4;3;4;3;4;3;2;3;4;4;3;4;4;4;3;4;4;4;4;2;3;1;4;3;3;4;3;4;1;3;3;3;3;3;4;1;3;2;2;2;3;2;2;3;2;3;4;4;3;3;3;3;2;3;4
3;3;3;3;3;3;2;3;3;3;3;3;2;3;3;2;3;3;3;3;3;2;2;3;3;2;3;3;3;3;2;3;3;3;3;3;3;2;3;3;3;2;3;3;3;3;3;3;3;4;3;3;2;3;3;2;3;3;2;2;2
4;4;4;2;4;4;3;3;4;4;4;4;4;3;3;4;3;4;4;3;4;4;4;4;4;3;4;2;3;4;4;4;3;3;3;2;3;4;3;4;4;2;4;3;3;4;4;3;4;3;2;2;4;4;2;3;3;3;2;3;3
5;4;4;2;3;3;2;3;3;3;4;2;3;3;3;3;3;3;4;3;3;4;3;3;4;4;4;2;4;4;4;4;4;4;3;3;3;3;2;3;3;3;4;3;4;4;3;3;1;4;3;3;3;3;2;4;3;3;2;3;3
6;3;3;2;4;4;3;3;4;3;4;3;2;3;3;3;4;4;4;3;3;4;3;4;4;3;4;3;4;4;4;4;4;4;3;4;3;4;3;2;3;3;4;3;3;3;3;3;3;4;1;3;2;3;2;3;3;3;2;2;3
7;3;4;2;3;4;2;3;2;3;3;3;4;3;4;4;4;4;3;2;2;4;2;3;4;1;2;1;3;4;2;4;2;3;2;1;3;4;4;4;3;1;4;3;3;4;4;4;4;3;3;3;3;3;3;4;3;4;1;2;3
8;3;3;3;3;3;3;3;3;3;4;3;2;3;3;3;3;4;3;3;3;3;3;4;3;2;3;3;3;3;3;3;3;4;2;3;3;3;2;2;3;2;3;2;2;3;3;2;3;3;2;3;3;3;3;3;2;3;2;3;3
9;3;3;2;3;3;3;3;3;4;4;3;3;3;3;4;4;3;3;3;3;3;2;3;3;2;3;3;3;3;2;4;3;2;3;3;2;2;3;3;4;3;3;2;3;2;3;2;3;3;1;3;2;2;3;2;3;3;2;2;3
10;3;3;3;3;4;3;3;3;3;4;3;3;3;3;2;3;3;4;3;3;4;3;3;3;3;3;3;3;3;3;4;3;3;3;3;3;3;3;3;3;3;3;3;3;3;3;3;3;3;2;3;2;3;2;3;3;3;3;3;3
11;4;3;2;3;3;3;2;3;3;3;3;3;3;3;3;3;3;3;3;3;3;2;3;3;3;3;3;3;3;3;4;4;3;3;3;3;3;2;3;3;3;3;2;3;3;3;3;3;2;2;3;2;3;3;3;3;3;3;3;3
12;4;4;2;3;4;3;2;3;3;4;3;3;3;4;4;4;3;4;3;4;4;3;4;4;4;4;3;4;4;3;4;4;3;3;3;4;4;3;3;3;3;3;3;3;3;3;4;3;4;2;4;4;4;2;4;3;3;3;3;4
13;3;4;2;4;4;2;2;2;4;4;4;4;3;3;4;4;3;4;4;4;3;4;4;4;2;2;4;4;2;3;4;4;2;4;3;4;4;3;3;4;2;4;3;3;4;4;4;4;3;3;4;4;3;1;4;4;3;3;3;4
14;3;3;2;3;3;2;4;2;3;4;4;4;4;4;3;4;4;4;4;4;4;3;3;4;3;3;2;3;3;3;4;3;3;2;2;3;4;4;3;3;2;4;2;3;4;3;3;4;2;3;3;3;4;3;3;4;3;2;2;4
15;4;3;2;2;4;2;2;3;3;4;4;4;3;4;4;4;4;4;3;3;4;4;4;4;4;4;4;4;4;3;4;4;2;4;3;4;4;3;3;3;3;3;3;3;3;3;3;3;3;3;4;2;3;3;3;4;4;2;3;4
16;4;3;2;2;3;3;3;2;4;3;3;3;3;2;3;3;3;3;3;3;3;2;3;3;2;2;2;3;4;3;4;2;4;3;3;4;3;3;3;3;2;2;4;4;4;4;2;4;2;1;2;2;1;3;3;1;2;2;2;2
17;3;3;3;3;3;3;2;3;3;3;3;3;3;3;2;3;3;3;2;2;3;3;3;3;2;3;2;2;3;3;3;3;3;2;3;3;2;2;2;3;2;3;3;3;3;2;2;3;3;3;2;3;3;3;3;3;4;2;3;4
18;3;3;3;2;3;3;3;2;3;4;3;3;3;4;3;2;3;3;3;3;3;3;3;3;2;3;1;3;3;2;4;3;3;2;2;3;3;3;3;3;1;2;2;2;3;3;2;2;4;2;3;1;2;2;3;3;2;1;3;3
19;4;4;4;4;4;4;4;3;3;4;3;3;3;4;2;3;3;3;3;3;2;3;4;3;2;3;2;2;2;3;3;3;1;4;3;3;1;4;2;4;2;2;1;2;2;2;2;2;2;2;3;2;2;4;3;3;2;2;3;4
20;4;4;3;4;4;4;3;4;4;4;4;4;4;4;4;4;4;4;3;4;4;3;4;4;4;4;4;4;4;3;4;4;4;4;4;4;4;4;3;4;3;4;2;3;4;4;3;4;3;3;4;3;4;4;3;3;4;1;3;4
21;4;3;2;3;4;3;3;3;3;4;3;3;3;3;3;3;3;4;3;3;4;3;3;4;1;4;3;3;4;4;3;3;4;3;3;3;3;2;2;3;3;3;2;3;3;3;1;2;3;3;3;3;3;2;3;3;3;3;2;3
22;4;4;1;4;4;1;4;4;4;4;4;3;4;4;4;4;4;4;4;4;4;4;4;4;1;4;4;4;4;4;4;4;4;4;4;4;4;4;4;4;3;4;4;4;4;4;4;4;4;3;4;4;4;2;4;4;4;1;4;4
23;4;2;2;3;4;3;2;2;3;3;2;3;3;4;3;3;3;3;3;3;3;4;3;3;2;4;1;4;4;3;2;4;4;4;2;4;4;2;4;3;3;3;3;3;4;3;2;3;4;2;4;2;3;1;3;3;3;1;2;3
24;3;3;3;3;3;3;3;3;3;3;2;2;3;3;3;3;3;3;3;3;3;3;3;3;3;3;3;3;3;3;3;3;3;3;3;3;2;2;3;3;3;3;3;3;2;3;2;3;2;2;3;2;3;3;2;2;3;3;3;3
25;4;3;3;3;3;3;3;3;4;4;3;3;3;3;3;4;3;3;3;3;3;1;4;3;3;4;3;4;4;3;4;4;4;2;3;3;3;3;3;3;3;3;3;4;3;3;2;3;2;2;3;3;3;3;3;3;3;2;3;3
26;3;3;3;4;4;2;3;3;2;3;2;3;3;3;3;4;4;4;3;3;4;3;4;4;3;3;3;2;3;3;4;3;3;2;2;2;3;3;2;3;2;3;1;2;3;4;2;2;2;3;3;2;3;3;3;3;4;2;3;3
27;4;4;3;4;4;3;4;4;3;4;3;3;4;4;4;4;4;3;4;4;4;4;4;3;4;3;3;3;3;3;4;4;3;3;4;4;4;2;2;3;3;4;4;3;4;4;3;4;4;3;3;3;4;4;3;4;4;4;3;4
28;3;4;2;4;4;3;3;3;3;4;3;2;2;4;2;4;4;4;4;4;3;4;4;4;4;3;3;3;4;3;4;4;3;4;3;3;4;4;3;3;3;3;3;3;4;4;3;3;2;2;2;2;3;3;2;3;2;1;1;3
29;4;4;2;4;4;3;4;3;4;4;4;3;4;3;4;4;4;4;3;4;3;3;4;3;3;3;2;4;3;3;4;4;3;3;4;4;3;4;4;4;3;3;3;4;4;4;2;2;3;3;4;4;3;3;3;3;3;2;3;3
30;4;4;3;4;4;3;3;3;4;4;3;1;4;2;4;2;4;4;4;1;3;1;4;4;4;4;4;3;4;4;4;4;4;4;4;4;4;4;3;4;2;4;3;4;4;4;3;3;4;3;3;3;4;3;4;3;4;4;2;4
31;3;3;3;3;3;3;3;3;3;3;3;3;3;3;3;3;3;3;3;3;3;3;3;3;3;3;3;2;3;3;3;3;2;3;2;2;3;3;2;2;3;3;2;2;3;2;2;3;2;2;2;2;2;3;2;3;2;2;3;2
32;4;3;2;4;4;3;3;3;3;4;3;3;3;3;3;4;3;4;4;3;4;3;4;3;3;3;3;4;3;4;4;4;4;3;3;4;4;4;3;3;3;3;3;3;4;4;3;3;3;4;3;3;3;3;3;3;3;1;3;3
33;3;3;2;3;3;3;2;2;2;3;3;3;3;3;3;3;3;3;3;3;3;3;3;3;2;3;3;3;3;3;4;3;3;3;3;3;3;2;3;3;2;3;3;3;3;3;3;3;4;3;3;3;3;3;3;3;3;2;3;3
34;3;3;2;3;3;3;3;3;3;3;3;3;3;3;3;3;3;3;3;3;3;3;4;3;3;3;2;3;3;3;4;3;4;3;3;3;3;3;3;3;2;3;2;2;3;3;3;3;4;3;4;3;3;3;3;3;2;3;3;3
35;4;4;4;4;4;3;4;2;3;4;4;3;2;4;4;4;4;4;4;4;3;3;4;4;4;4;2;4;4;4;4;4;4;3;3;4;4;4;4;4;2;4;3;4;4;4;3;4;4;3;4;3;4;3;4;4;3;3;3;4
36;3;4;3;4;4;2;3;4;3;4;3;2;3;3;4;3;4;4;3;3;3;1;4;4;3;2;3;3;3;3;4;4;2;2;3;3;3;3;3;3;3;3;3;3;4;4;2;3;4;2;4;3;4;3;4;3;3;3;3;3
37;4;4;3;4;4;3;3;4;4;4;3;3;3;4;4;4;4;4;3;3;3;3;4;4;3;3;4;4;4;2;4;3;4;3;3;3;3;4;4;3;2;4;4;4;4;4;4;4;3;3;4;4;4;2;4;4;3;1;3;4
38;4;4;3;3;4;3;3;3;3;3;4;4;3;3;4;4;3;4;3;4;3;3;4;4;2;2;3;2;3;3;4;4;4;2;3;2;3;4;3;4;2;4;2;3;3;4;2;2;3;2;3;4;3;3;3;3;4;2;3;3
39;4;3;2;3;4;4;4;4;4;4;4;2;4;4;3;4;4;4;4;3;4;4;4;4;4;4;4;4;4;4;4;4;4;4;4;4;4;2;4;3;4;4;4;4;3;4;4;4;3;3;4;4;3;4;3;4;4;4;4;4
40;3;3;2;3;3;2;3;3;3;3;3;3;3;3;3;3;3;3;3;3;3;3;3;3;3;2;3;3;3;2;4;3;3;3;3;2;3;2;3;3;2;3;2;2;3;3;3;3;3;2;3;3;3;3;3;3;3;3;3;3
41;3;4;3;4;4;4;3;3;4;4;4;4;4;3;4;4;3;4;4;4;4;2;4;4;3;3;3;4;4;4;4;4;4;3;3;3;3;3;4;4;3;4;2;3;3;4;4;4;3;3;4;4;3;3;3;3;3;3;3;4
42;4;3;2;3;4;3;3;3;4;3;3;2;4;3;3;4;4;3;3;3;4;3;3;3;4;4;3;4;4;3;4;4;4;4;3;3;3;2;3;3;3;4;4;4;4;4;4;4;3;3;1;3;3;2;3;3;4;3;3;3
43;4;3;4;3;3;3;2;3;3;4;2;2;3;3;3;2;4;4;3;3;4;4;3;3;3;3;3;2;3;3;3;4;2;3;3;3;3;3;3;3;3;3;2;3;3;3;3;3;4;4;3;4;4;3;3;3;3;3;3;4
44;2;3;4;4;4;3;4;4;3;4;4;4;4;3;2;4;1;4;1;1;2;3;3;4;2;1;1;1;1;1;1;1;3;1;4;2;2;4;3;4;3;1;1;1;3;3;3;1;3;1;3;2;4;4;3;2;1;1;1;2
45;3;3;2;3;4;2;3;3;3;4;3;3;3;4;2;4;4;4;2;3;4;3;4;3;3;3;3;3;3;3;4;4;4;4;3;4;4;3;2;3;2;3;3;3;3;3;3;3;4;3;3;3;3;3;3;3;4;2;2;3
46;4;4;1;4;4;4;4;4;4;4;4;4;4;4;4;4;4;4;4;4;4;4;4;4;4;4;4;4;4;4;4;4;4;4;4;4;4;4;4;4;4;4;4;4;4;4;4;4;3;2;4;3;4;4;4;4;4;4;4;2
47;2;2;1;3;3;2;2;4;2;4;2;1;2;2;3;3;3;4;1;4;2;1;4;4;4;4;4;4;4;2;4;4;2;2;2;4;3;4;3;4;2;2;2;2;3;3;4;4;4;1;2;3;3;2;3;4;2;1;2;1
48;3;3;3;3;3;3;3;3;3;3;3;3;3;3;3;3;3;3;3;3;3;3;3;3;3;3;2;3;3;3;3;3;3;2;3;3;3;3;2;2;2;3;3;3;3;3;3;3;4;3;3;3;3;3;3;3;4;2;3;3
49;3;3;2;3;4;2;4;3;1;4;3;3;3;4;4;4;4;4;4;3;3;4;4;4;3;3;1;3;3;3;4;2;3;3;3;2;3;4;3;3;1;3;2;1;4;4;2;4;4;3;2;4;4;2;3;4;4;2;2;4
50;4;3;3;3;4;2;3;2;1;4;3;3;3;4;1;3;3;3;3;4;3;4;4;3;4;4;3;2;4;1;2;4;4;2;2;2;3;4;1;3;1;3;2;2;3;2;2;4;3;1;1;3;1;2;4;3;3;2;2;3
51;2;3;2;2;4;2;3;2;3;3;2;2;3;2;3;3;3;3;2;3;3;3;3;4;2;2;2;2;3;3;3;3;2;3;2;2;3;4;2;3;2;4;4;2;4;4;4;4;4;4;3;2;4;2;4;4;3;2;2;3
52;3;4;4;4;4;3;4;2;2;4;3;3;4;4;4;4;4;3;3;3;4;3;4;4;2;2;2;2;2;2;3;3;3;2;2;2;3;3;2;3;2;4;2;2;4;3;2;2;2;2;2;3;2;2;3;3;4;2;2;4
53;2;3;2;1;4;3;2;4;4;4;3;2;3;3;4;4;4;4;4;3;4;4;4;4;2;2;2;1;2;2;4;3;4;1;3;3;3;3;1;3;2;4;3;1;4;4;2;4;2;4;3;4;3;4;3;3;4;3;2;4
54;4;4;2;4;4;3;1;4;3;4;3;4;3;4;4;4;3;4;4;4;3;3;4;4;4;4;4;4;4;4;4;4;3;4;4;4;4;2;4;4;2;4;4;4;4;4;4;4;4;2;4;4;3;3;4;4;4;4;2;4
55;4;3;2;3;4;3;3;3;2;3;3;3;3;3;4;3;4;4;3;3;4;3;3;3;4;3;3;2;3;3;4;3;4;3;3;3;3;3;3;2;2;4;2;2;3;2;2;2;4;2;3;3;4;2;3;3;4;3;3;4
56;4;3;2;4;3;2;3;4;3;3;2;2;3;3;3;3;3;3;3;2;3;2;3;3;3;3;3;3;3;3;4;4;4;3;3;3;3;3;3;3;3;3;2;3;3;3;3;3;3;3;3;2;3;3;2;3;3;2;3;3
57;4;3;3;3;3;3;3;3;3;3;3;3;3;3;3;3;3;3;3;3;3;3;3;3;3;3;3;3;3;3;3;3;3;2;2;3;3;3;3;3;3;3;2;2;2;3;2;3;3;3;3;3;3;2;3;3;3;2;2;3
58;4;3;2;3;3;3;2;3;3;3;3;3;3;3;3;3;4;4;3;3;3;3;3;3;3;3;3;3;3;3;4;3;4;3;4;3;3;4;3;3;2;3;3;3;3;3;3;3;3;2;4;3;3;2;3;3;3;1;4;3
59;4;4;1;4;4;4;4;4;4;4;4;4;4;4;4;4;4;4;4;4;4;4;4;4;4;4;4;4;4;4;4;4;4;4;4;4;4;1;4;3;4;4;4;4;4;3;4;4;4;3;4;1;4;4;4;4;4;2;4;4
60;4;3;3;3;4;3;3;3;4;3;3;3;3;3;3;3;4;4;3;3;3;3;4;3;3;4;3;3;4;3;4;4;3;4;3;4;3;2;3;2;3;3;3;3;3;3;3;4;2;1;4;3;3;3;3;3;4;2;2;3
61;2;4;3;3;3;2;4;3;3;4;4;3;3;3;3;4;3;4;3;3;3;3;3;3;2;2;3;2;3;2;4;3;4;2;3;3;3;3;2;3;2;3;3;3;3;4;3;2;3;2;3;2;3;2;3;3;3;2;3;3
62;2;3;3;3;3;2;3;2;2;3;3;3;3;3;3;3;3;3;3;3;3;3;3;3;2;2;2;2;2;2;2;2;2;2;2;2;3;3;2;3;2;3;2;2;3;3;2;2;3;3;2;3;3;2;3;3;3;2;2;3
63;4;3;2;3;4;4;3;4;3;3;3;2;3;2;3;3;3;3;3;3;3;3;3;3;3;4;3;3;4;4;3;3;4;3;4;3;3;3;3;3;3;3;3;3;3;3;4;3;3;3;2;3;4;3;3;3;3;2;2;3
64;4;4;4;3;4;1;4;4;2;4;4;1;3;3;4;3;1;4;4;3;4;3;4;4;3;2;2;4;2;2;4;4;3;4;4;3;4;3;2;4;2;4;2;4;3;3;1;3;4;3;4;4;3;4;4;4;1;1;4;4
65;3;3;3;3;3;3;3;3;3;3;3;3;3;4;3;3;3;4;3;4;4;3;3;4;3;3;3;3;3;3;3;3;3;3;3;3;3;3;2;3;2;3;2;3;3;3;3;3;2;2;3;2;3;2;3;3;3;3;3;3
66;4;4;2;4;4;4;3;4;4;4;4;3;4;4;4;4;4;4;4;4;4;4;4;4;4;4;3;4;4;4;4;4;4;4;4;4;4;3;4;4;4;4;3;1;4;3;4;4;4;4;4;4;4;2;4;4;4;3;4;4
67;3;3;2;3;3;3;3;3;3;3;3;4;3;3;3;4;4;4;3;3;3;3;3;4;3;2;3;3;3;3;4;4;3;4;3;3;4;3;3;3;2;3;3;3;3;4;3;3;3;3;3;3;3;2;3;3;3;2;3;3
68;3;3;2;3;4;3;2;3;3;3;3;2;3;3;3;4;4;4;3;1;3;3;4;4;2;3;3;3;3;3;4;4;3;2;3;4;4;3;3;3;2;3;3;2;4;4;2;4;4;3;3;3;4;3;3;3;4;2;2;4
69;3;4;3;4;4;2;4;4;3;4;3;4;4;4;4;4;4;4;4;3;4;4;4;3;4;4;2;1;4;3;4;4;3;3;1;3;4;3;3;4;2;4;4;4;4;4;1;4;4;4;2;4;4;1;4;3;4;1;2;4
70;3;4;3;4;4;4;4;3;3;4;2;2;2;3;3;3;3;4;4;4;2;3;3;4;4;4;2;4;4;3;4;4;3;4;4;4;2;3;3;3;3;3;3;3;4;3;3;4;3;2;3;2;2;2;3;3;2;1;3;2
71;3;4;2;3;4;2;3;3;4;4;3;3;3;4;4;2;3;3;4;2;3;4;4;3;3;4;2;3;4;4;4;4;4;3;3;3;4;4;1;4;3;4;3;4;3;4;2;1;3;3;4;2;4;2;4;3;2;3;3;3
72;3;3;3;3;4;2;3;3;3;4;3;4;4;4;3;3;4;3;4;2;4;2;4;4;4;4;3;2;4;4;4;1;4;3;4;3;4;4;4;4;4;4;4;2;4;4;4;4;4;4;4;3;4;2;4;4;4;3;2;2
73;3;4;2;3;4;2;3;3;2;4;3;2;3;3;3;4;3;4;3;4;3;3;4;4;4;4;3;4;4;3;4;4;4;4;4;4;3;3;3;4;3;4;4;4;4;3;4;4;4;3;4;3;3;3;4;3;4;2;3;3
74;2;3;3;3;4;2;4;3;3;4;4;2;4;3;4;4;4;4;4;4;4;4;4;4;3;4;2;3;4;4;4;3;3;3;2;3;4;4;1;3;3;4;2;2;4;4;2;2;4;2;2;2;4;1;4;4;4;2;2;4
75;4;4;3;4;4;3;4;3;4;4;4;3;4;3;2;4;4;4;3;2;4;2;4;4;3;4;3;4;4;3;4;4;3;3;3;3;3;4;3;3;3;4;4;4;4;3;2;2;4;1;4;3;3;3;3;4;4;2;3;3
76;4;4;4;4;4;4;4;4;4;4;4;3;4;4;2;4;4;4;4;4;3;4;3;4;1;4;4;3;4;3;4;4;4;3;3;3;3;4;4;3;4;4;3;3;4;4;2;2;2;1;3;1;2;4;3;3;2;1;1;4
77;4;2;2;4;4;3;3;4;4;4;4;2;4;4;3;4;4;4;3;4;4;4;4;4;3;3;4;4;4;4;4;4;4;4;4;4;4;2;3;4;2;4;3;3;4;4;4;4;4;3;3;2;4;3;3;3;4;4;2;4
78;4;4;2;4;4;3;3;4;4;4;4;3;4;4;4;4;4;3;3;3;4;4;4;4;4;4;4;3;4;2;4;4;4;3;4;4;3;1;3;3;3;4;3;3;3;4;2;3;4;4;4;3;4;3;3;4;4;3;4;4
79;4;3;1;3;3;2;2;4;3;4;3;2;3;3;3;2;3;3;3;3;3;3;3;3;3;4;3;4;4;3;4;4;3;3;3;4;4;3;3;3;2;2;4;4;3;3;4;3;2;2;3;1;3;3;3;3;2;2;3;3
80;3;3;2;3;3;3;3;3;3;4;3;3;3;3;3;3;3;3;3;2;4;3;3;3;3;3;2;3;3;3;4;4;3;3;3;3;3;3;3;3;3;3;3;3;3;3;3;3;2;3;3;3;4;2;3;3;2;2;3;4
81;4;3;2;4;3;2;2;3;4;3;3;2;3;4;4;4;3;3;3;4;3;3;4;4;3;3;3;3;2;2;4;4;3;1;3;3;3;2;4;4;2;4;2;2;3;3;2;4;3;1;4;3;3;1;4;4;3;3;2;4
82;3;3;1;3;3;2;1;2;3;4;3;3;3;3;3;4;4;4;4;4;3;4;3;4;4;4;3;4;4;3;4;4;2;3;3;3;4;3;3;3;3;3;3;3;3;2;3;3;2;1;2;1;3;2;4;4;4;3;2;2
83;3;3;3;3;3;3;3;3;3;3;3;2;3;3;3;3;3;3;3;3;3;3;3;3;3;4;3;3;4;3;4;3;3;4;3;3;3;3;3;3;2;3;3;3;3;3;3;3;2;3;3;3;3;2;2;3;3;2;3;3
84;3;3;3;3;4;2;3;2;3;3;3;3;3;3;4;3;3;4;3;3;3;3;3;3;2;2;2;3;3;3;3;3;2;2;3;3;4;3;2;3;3;3;2;2;3;3;3;3;3;2;3;2;2;3;3;3;4;3;3;3
85;3;3;2;2;3;3;2;1;2;4;3;4;2;3;3;3;3;3;4;3;3;3;3;4;3;4;2;2;4;2;4;3;2;2;2;2;4;4;4;4;1;3;2;2;4;4;3;2;2;1;2;1;3;3;4;4;2;1;2;2
86;3;4;3;3;4;4;3;4;4;4;3;2;4;3;4;4;4;4;4;4;4;4;4;4;4;4;3;4;4;4;4;4;3;3;4;4;4;4;2;4;3;4;3;2;3;3;3;3;4;4;4;4;4;4;4;4;3;2;3;4
87;2;3;3;3;3;3;3;3;3;3;3;3;3;3;3;4;4;3;3;3;4;3;3;3;2;4;2;3;4;3;4;3;3;2;3;3;4;3;3;4;2;3;4;4;3;3;3;2;3;1;3;2;3;3;3;3;3;3;2;3
88;4;3;3;3;3;2;3;3;3;3;3;3;2;3;3;3;3;3;3;3;3;3;3;3;3;3;3;3;3;3;4;3;3;3;4;3;3;3;3;3;2;3;3;3;3;3;3;4;3;2;3;3;3;2;3;3;2;3;3;3
89;3;3;3;3;3;3;3;3;3;4;3;3;2;3;2;3;3;3;3;2;3;3;3;3;2;2;2;2;3;3;3;3;3;2;3;3;3;2;2;2;2;2;2;2;3;2;2;2;3;2;3;2;2;2;3;2;2;3;3;3
90;2;3;2;3;2;2;2;3;3;4;3;3;3;3;3;3;3;4;3;3;2;3;3;3;2;3;3;3;3;3;4;3;3;2;3;3;3;3;3;3;3;3;2;3;3;3;3;3;3;2;4;3;3;2;3;3;3;3;4;3
91;4;4;4;4;4;3;4;4;3;4;3;3;4;4;4;4;4;4;4;4;4;4;4;4;4;4;2;4;4;4;4;4;4;4;4;3;4;4;4;4;3;4;4;3;4;4;4;4;4;4;2;4;4;2;4;4;4;2;2;4
92;3;3;3;4;3;3;3;3;3;4;3;3;4;3;3;3;3;3;3;3;4;3;3;3;3;4;2;3;4;3;4;4;4;3;3;3;3;3;3;3;3;3;3;3;3;3;2;3;3;2;3;3;3;3;3;2;3;2;3;3
93;4;3;3;4;3;3;2;4;4;4;3;1;4;3;3;4;3;4;4;4;3;2;4;4;4;4;4;4;4;2;4;4;4;3;3;4;3;2;4;4;2;4;3;4;2;3;3;4;3;3;4;3;3;3;3;4;2;2;3;4
94;4;3;2;3;4;3;2;3;3;4;3;3;2;3;2;3;3;4;3;3;2;2;3;3;3;3;4;3;4;4;4;3;3;3;3;3;4;3;2;3;3;3;3;3;3;4;3;3;2;1;2;1;3;3;2;3;3;2;3;2
95;3;4;4;4;4;4;4;3;3;4;4;3;3;2;4;4;3;2;3;3;3;3;3;2;1;2;2;1;2;2;2;3;2;2;2;2;3;3;1;3;2;2;1;2;3;4;1;1;2;2;2;1;2;3;2;2;2;2;2;2
96;2;4;2;4;4;3;2;3;3;4;3;3;3;3;2;3;4;4;4;3;4;4;4;4;2;3;3;4;4;4;4;4;3;3;3;3;4;3;3;3;2;3;3;3;4;3;3;3;4;2;4;3;3;3;4;4;4;2;3;4
97;4;4;3;4;4;4;4;4;3;4;4;2;3;4;4;4;3;4;4;4;3;3;4;4;4;4;4;4;4;4;4;4;4;4;3;4;3;4;4;4;4;3;3;4;3;2;4;4;3;2;4;4;3;4;4;3;3;3;1;4
98;4;4;4;4;4;1;4;4;4;4;3;4;4;4;4;4;4;4;4;4;4;4;4;4;4;4;2;4;4;4;4;4;4;3;4;4;4;4;4;4;4;4;4;4;3;3;3;4;3;3;4;3;4;4;4;4;4;4;3;4
99;3;3;3;3;3;3;3;4;3;3;3;3;2;4;2;4;3;4;2;3;3;3;3;3;3;3;2;3;3;1;4;3;4;3;3;3;4;3;3;3;2;3;2;2;3;2;2;2;4;3;3;3;3;2;3;4;2;4;3;3
100;3;3;3;3;3;3;3;3;3;3;3;3;3;3;3;3;3;3;3;3;3;3;3;3;3;3;3;3;3;3;3;3;3;3;3;3;3;3;3;3;2;3;3;3;3;3;3;3;3;2;3;3;3;3;3;3;3;2;2;3
101;3;3;3;4;4;3;4;3;4;3;3;2;3;3;2;3;3;3;2;3;2;3;3;3;2;3;3;3;4;2;4;3;4;2;3;3;4;2;3;3;2;3;3;4;4;3;3;3;2;1;2;2;2;3;2;2;3;2;2;3
102;3;4;3;4;3;2;4;3;3;4;3;3;2;3;3;4;4;4;4;4;3;3;4;4;3;3;1;4;4;4;4;4;4;3;4;4;4;2;2;3;2;4;2;2;4;3;3;4;4;2;4;3;4;2;4;4;2;3;4;3
103;3;4;2;4;4;3;2;4;4;4;4;4;3;3;4;4;3;4;2;3;4;3;3;3;2;2;2;2;3;2;3;4;2;3;2;2;3;3;2;2;2;3;3;4;3;3;2;2;2;3;3;4;3;3;3;2;3;3;3;3
104;4;3;3;4;4;3;4;3;4;4;3;4;2;3;2;4;3;4;2;3;3;3;3;4;1;1;2;1;3;1;4;2;3;3;2;2;2;4;3;3;2;3;2;3;3;3;1;3;3;3;1;2;3;3;2;2;3;1;2;3
105;3;3;3;3;3;3;3;3;3;3;2;2;3;3;2;3;3;3;2;3;3;3;3;3;3;3;3;2;3;3;3;3;3;3;2;3;3;3;3;3;2;2;2;2;2;2;3;2;3;2;2;3;3;2;3;3;3;2;2;3
106;3;3;3;3;3;3;3;3;3;3;2;3;2;3;4;4;2;3;3;3;3;3;3;3;3;3;2;3;2;1;3;2;3;2;3;2;2;3;1;3;2;2;3;3;3;3;2;3;3;3;3;2;2;4;4;3;2;2;3;3
107;2;3;3;3;3;2;3;2;2;3;3;3;3;3;3;3;3;3;3;3;3;3;3;3;2;2;2;2;2;2;2;2;2;2;2;2;3;3;2;3;2;3;2;2;3;3;2;2;3;3;2;3;3;2;3;3;3;2;2;3
108;4;4;3;4;4;4;4;4;4;4;4;2;4;4;3;4;3;4;2;3;4;2;4;4;3;4;4;3;4;3;4;4;4;4;4;4;3;3;4;3;2;4;3;4;3;3;3;4;3;3;4;3;3;4;3;4;3;3;4;4
109;3;4;2;4;4;1;4;3;3;4;4;2;4;2;4;4;4;4;4;4;4;4;4;4;4;3;3;3;3;3;4;3;3;3;4;3;4;4;3;4;3;4;3;3;4;4;3;3;2;1;2;2;1;3;2;2;2;2;1;2
110;4;4;4;4;4;4;4;4;4;4;4;2;3;4;4;4;4;4;3;4;3;4;4;4;4;4;3;3;4;4;4;4;4;3;3;4;4;4;3;4;3;4;3;4;4;4;4;3;4;2;3;2;4;3;4;4;4;4;3;4
111;4;3;2;4;4;3;2;4;4;4;3;3;4;3;2;3;4;4;3;4;4;3;3;3;4;4;3;4;4;4;4;4;4;4;4;4;4;3;3;3;2;4;3;3;3;3;3;3;4;3;4;3;4;3;4;4;3;2;4;2
112;4;3;2;3;3;3;3;3;4;3;3;2;3;3;3;3;3;3;2;3;2;2;3;3;3;3;4;3;4;3;4;4;3;3;4;3;3;3;3;3;2;3;3;3;3;3;3;3;3;3;3;2;3;3;3;3;2;2;2;2
113;3;3;3;3;3;2;3;3;2;3;3;3;3;3;3;3;4;3;3;2;4;3;3;3;2;3;3;2;3;3;4;3;3;3;3;2;4;3;3;3;2;3;2;3;3;3;3;3;3;3;4;3;3;3;3;3;3;2;3;3
114;4;4;3;4;4;3;4;3;2;4;3;3;4;4;4;4;4;4;4;4;4;3;4;4;4;3;2;2;3;3;4;4;3;3;2;3;3;4;2;3;3;4;2;4;3;3;2;2;3;2;2;3;3;3;3;3;4;2;2;4
115;3;3;3;3;3;3;3;3;3;3;3;3;3;3;3;3;3;3;3;3;3;3;3;3;1;1;2;3;3;3;3;3;3;3;3;3;3;3;3;3;3;3;2;3;2;3;3;3;3;3;3;3;3;3;3;3;3;3;2;3
116;4;3;2;3;4;3;3;4;3;4;3;3;3;3;2;4;3;4;3;3;2;3;4;4;1;2;2;3;3;3;3;3;3;3;3;3;2;4;3;2;2;3;2;2;2;3;2;2;3;2;4;2;3;3;3;2;3;3;3;3
117;3;3;2;3;2;3;3;2;3;3;3;2;2;3;3;3;3;3;3;3;3;3;3;3;3;3;3;3;3;3;4;3;3;3;3;3;3;3;3;3;3;3;3;3;3;3;3;3;2;2;4;3;2;3;2;3;2;3;3;3
118;2;3;2;4;3;2;3;2;3;3;3;3;2;3;3;3;2;3;3;2;3;3;3;3;2;2;2;2;2;2;3;3;2;2;2;2;3;2;3;3;2;3;3;2;3;3;3;2;2;2;2;3;3;3;2;2;2;3;2;3
119;4;4;3;4;3;3;3;3;4;3;4;3;3;3;4;3;4;4;3;4;3;3;4;4;4;4;3;3;4;3;4;4;4;3;4;3;4;4;3;4;3;3;3;4;4;3;3;4;3;3;4;3;4;2;4;4;3;3;4;4
120;4;3;3;3;4;3;3;3;4;4;3;3;4;2;2;4;4;3;2;3;3;4;4;3;4;4;4;4;4;3;4;4;4;3;3;3;3;4;2;2;2;4;4;3;4;4;2;4;4;4;3;3;3;3;2;3;4;2;3;3
121;3;3;2;3;3;2;3;4;3;4;2;2;3;4;4;4;3;4;3;3;3;3;3;4;3;4;3;3;4;3;4;4;2;3;2;3;4;2;2;4;3;3;3;3;3;3;2;2;3;3;3;4;4;3;4;3;4;3;3;4
122;2;4;2;4;3;2;4;2;1;4;4;3;4;3;4;3;4;4;4;4;4;4;4;4;2;2;2;3;3;3;3;3;2;2;2;3;4;4;3;3;4;3;3;3;4;4;4;3;4;2;2;2;3;2;3;3;4;2;2;4
123;4;4;3;4;4;3;4;4;4;4;4;4;4;4;2;4;4;4;4;4;4;3;4;4;2;3;1;4;3;4;4;4;3;3;2;4;4;4;1;4;3;4;4;3;3;4;4;4;3;3;4;4;4;3;4;4;4;2;4;4
124;3;3;3;3;3;3;2;3;2;3;3;3;3;3;3;3;3;3;3;3;3;3;3;3;3;4;3;2;4;3;3;3;2;3;3;3;3;2;3;3;2;3;3;3;3;3;3;2;3;3;2;2;3;3;3;3;3;2;3;3
125;3;3;2;4;3;4;3;4;3;3;3;3;2;2;2;2;3;3;3;4;3;2;4;4;3;3;2;4;3;3;4;4;3;3;3;3;4;3;3;2;2;4;4;3;4;3;3;4;2;2;1;2;3;2;3;3;2;2;3;3
126;2;2;2;2;3;1;2;3;2;3;3;3;2;3;3;3;3;3;3;3;2;3;3;4;2;2;3;2;3;2;3;2;2;3;3;3;4;3;3;3;2;3;3;3;3;3;3;3;2;3;2;2;3;3;2;3;3;2;3;3
127;4;4;4;4;3;3;4;3;3;4;3;3;4;4;3;4;4;4;2;3;4;3;3;3;1;2;1;2;3;3;4;3;3;3;3;2;4;3;2;4;2;4;2;3;3;2;3;3;3;2;3;2;4;2;3;4;3;1;2;3
128;4;3;2;3;4;2;3;3;3;3;3;2;3;3;3;3;3;3;3;3;3;3;3;3;3;3;3;4;3;3;4;4;3;4;3;3;3;3;3;3;2;3;3;3;3;3;3;3;3;3;3;3;3;2;3;3;2;3;3;3
129;3;3;2;3;3;4;3;4;3;4;3;3;3;3;3;3;3;4;3;3;3;3;3;4;2;3;2;4;3;3;4;4;3;3;4;3;3;3;3;3;2;3;3;3;3;3;3;3;3;3;4;2;3;3;3;3;3;3;3;4
130;4;3;4;4;4;3;4;3;3;4;3;3;3;3;4;4;4;3;4;4;4;3;4;3;2;4;2;3;4;4;4;4;4;2;3;3;3;3;2;3;3;3;1;2;3;3;2;2;4;3;4;2;3;2;3;3;3;2;3;3
131;4;4;4;4;4;4;4;4;4;4;2;4;3;3;3;4;3;3;4;3;3;2;4;4;1;2;1;2;3;3;4;4;4;2;4;3;2;4;4;2;2;3;2;3;4;4;3;4;4;3;4;3;3;2;3;3;3;2;3;3
132;2;4;4;4;4;2;4;2;4;4;3;3;4;4;1;4;4;4;3;4;4;4;4;4;3;4;4;3;4;4;4;3;3;3;2;2;3;4;3;4;2;4;2;2;4;4;2;4;2;3;3;3;3;1;4;4;4;1;3;3
133;2;3;2;3;4;2;2;4;3;4;3;2;4;4;3;2;3;4;2;3;3;2;4;4;3;4;2;3;4;4;3;4;4;3;3;3;3;4;3;4;3;3;3;3;3;3;2;3;3;2;3;2;4;3;3;3;3;2;2;3
134;4;4;3;4;4;3;3;3;3;3;3;3;3;3;3;4;3;3;3;3;3;3;3;3;3;3;3;3;4;4;4;4;4;3;3;3;4;3;3;3;3;3;2;2;3;3;3;3;3;3;3;3;3;3;3;3;3;3;3;3
135;3;3;3;3;4;3;3;3;3;4;3;3;3;3;4;4;3;4;3;3;3;3;3;3;3;4;3;4;4;3;3;4;3;4;3;4;3;3;2;3;3;4;3;2;3;3;3;3;4;2;2;2;4;2;4;3;3;2;3;3
136;3;3;3;3;4;3;3;3;3;4;3;3;4;3;3;3;4;3;3;3;4;3;4;3;3;4;2;3;4;3;4;3;3;2;3;3;2;3;2;3;3;3;2;2;3;2;2;2;3;3;3;3;3;3;3;3;4;3;3;3
137;2;3;3;3;3;2;3;3;3;3;3;3;3;3;3;3;3;3;3;3;2;3;3;3;2;2;2;2;2;3;3;3;3;2;2;2;3;3;3;3;3;3;2;2;3;3;2;3;3;2;3;2;3;3;3;3;2;2;3;3
138;3;3;3;3;3;3;3;3;3;3;3;3;3;3;3;3;3;3;3;3;4;3;3;3;2;3;2;3;3;3;3;4;3;2;3;2;2;3;2;2;3;3;2;3;3;3;2;3;2;3;3;3;3;3;3;3;3;2;2;3
139;4;2;3;4;4;3;3;3;3;4;3;3;2;3;2;4;3;4;3;3;4;3;4;3;4;4;4;3;4;4;4;4;4;4;4;4;4;4;2;3;3;3;4;4;4;3;3;4;4;1;4;1;3;2;4;3;2;3;1;2
140;4;3;2;3;3;3;3;3;3;3;2;3;3;3;3;3;3;3;3;3;3;3;3;3;3;3;3;3;3;3;4;3;3;3;3;3;3;3;3;3;3;3;3;3;3;3;3;3;2;3;3;3;3;3;3;3;3;3;3;3
141;4;4;2;4;3;2;2;4;3;4;3;2;3;4;4;4;4;4;4;4;4;4;4;4;4;4;2;4;4;4;4;4;4;3;3;4;4;3;3;3;3;4;3;4;3;4;2;4;4;3;3;4;4;2;4;4;4;3;2;4
142;4;3;3;3;4;3;3;3;3;4;3;3;4;4;3;4;4;4;3;3;4;3;4;4;2;4;3;3;4;4;4;4;4;3;3;3;3;4;2;3;2;3;2;3;3;2;2;3;3;3;3;2;3;3;2;3;4;2;2;4
143;3;3;3;3;3;2;3;3;3;3;3;3;3;2;3;3;3;3;3;2;2;3;3;2;2;2;2;2;2;2;2;2;3;2;2;2;3;3;3;3;2;3;2;2;3;3;2;3;3;2;3;2;3;3;3;3;2;2;2;2
144;3;3;3;4;4;3;3;3;2;4;3;3;4;3;4;4;4;4;4;4;4;4;3;4;2;3;1;3;3;2;4;3;3;3;3;3;4;3;3;3;1;4;3;3;4;3;3;3;4;2;4;3;4;3;3;4;3;3;2;4
145;4;4;2;4;4;3;2;4;3;4;4;3;4;3;4;4;4;4;4;4;4;4;4;4;2;4;2;3;4;3;4;4;4;3;4;4;4;4;4;4;1;4;4;4;4;4;3;4;4;2;4;2;3;2;3;3;4;1;3;4
146;2;4;3;4;4;2;3;3;2;4;3;2;3;4;4;4;3;4;3;3;3;4;4;4;2;2;1;2;2;2;3;2;2;1;3;2;3;4;2;3;1;3;2;2;4;4;2;3;3;4;2;3;3;3;4;4;3;1;2;3
147;4;4;2;4;4;3;3;4;4;4;4;3;4;4;4;4;3;4;3;4;3;4;4;4;4;3;3;2;4;2;4;3;4;4;4;4;4;4;3;4;1;4;3;3;4;4;2;4;4;2;4;2;3;3;4;4;4;1;1;4
148;4;3;2;3;3;2;2;3;3;3;3;2;3;3;3;2;3;3;3;3;3;3;4;3;3;3;3;3;4;3;4;4;3;3;3;3;4;3;3;3;2;3;4;3;4;3;3;4;3;2;3;2;3;2;3;3;3;2;2;3
149;4;4;1;4;4;2;4;4;4;4;4;4;4;4;4;4;4;4;4;4;4;3;4;4;4;4;4;4;4;4;4;4;4;3;4;4;4;4;4;4;4;4;4;4;4;4;4;4;4;2;4;4;4;3;4;4;3;3;3;4
150;1;4;3;4;4;4;4;4;4;4;4;4;4;4;4;4;4;4;4;4;4;4;4;4;4;4;4;4;4;4;4;4;4;4;4;4;4;1;1;1;4;4;3;4;4;4;4;4;4;4;4;4;4;4;4;4;4;4;4;4
151;3;3;2;3;4;2;3;3;3;4;2;2;3;4;3;3;3;3;3;3;3;3;4;4;4;4;4;3;4;4;4;4;4;4;3;3;4;4;3;3;3;3;2;3;4;4;3;4;4;3;2;3;4;3;3;4;3;3;3;3
152;3;3;3;3;3;3;3;3;3;3;3;3;3;3;3;3;3;3;3;3;3;2;3;3;3;3;2;3;3;3;3;3;3;2;3;3;2;3;3;3;3;3;3;3;3;3;3;3;2;3;3;3;3;3;3;2;3;3;3;3
153;3;3;3;3;3;3;3;3;4;3;3;3;3;3;3;3;3;3;3;3;2;3;3;3;3;3;3;3;3;3;3;2;3;3;3;3;3;3;3;2;2;3;3;3;3;3;3;3;2;2;4;3;3;2;3;3;3;3;3;2
154;3;3;3;3;3;3;3;3;3;3;3;3;2;2;3;3;3;3;3;3;3;3;3;3;3;3;3;3;3;3;3;3;3;3;3;3;4;3;2;3;3;3;2;2;3;2;2;2;2;2;2;2;3;3;3;3;3;2;2;3
155;3;3;3;3;3;4;3;4;3;4;3;3;3;3;3;3;3;3;3;3;4;3;3;3;1;3;3;3;3;3;4;3;4;2;3;3;3;3;3;3;3;3;2;2;2;3;2;3;3;3;3;3;3;4;3;3;4;1;3;3
156;4;3;2;3;4;3;2;3;4;4;4;3;4;4;3;3;4;4;2;3;4;4;4;4;3;4;2;3;4;3;4;3;4;3;4;3;4;3;3;3;3;3;3;3;4;3;3;3;3;3;4;3;4;3;4;4;4;3;4;4
157;4;4;3;4;4;3;3;4;4;4;4;4;3;4;4;4;3;4;3;4;4;4;4;4;3;4;2;3;4;4;4;4;4;4;4;4;3;4;4;4;2;4;3;2;3;4;3;3;4;4;4;4;4;3;4;4;3;3;3;3
158;1;4;2;4;4;4;3;4;4;4;4;4;4;4;4;4;4;4;4;4;4;4;4;4;4;4;4;4;4;4;4;4;4;4;4;4;4;4;4;4;4;4;4;4;4;4;4;4;4;4;4;4;4;3;3;4;3;2;3;4
159;4;2;2;2;3;3;2;4;3;4;3;3;3;2;2;3;3;3;3;3;3;3;3;3;3;4;4;4;4;4;4;4;3;4;3;3;3;3;4;3;3;3;3;4;3;3;4;4;3;1;4;3;3;4;2;3;2;3;3;3
160;3;4;3;4;4;3;3;3;4;3;3;3;4;4;4;4;4;4;4;4;3;3;4;4;3;4;4;4;4;3;4;4;3;4;2;4;4;3;3;4;3;4;4;3;4;4;3;1;3;4;3;4;4;2;4;4;4;3;4;4
161;4;4;2;4;4;1;4;3;4;4;4;2;2;4;4;4;4;4;4;4;4;4;4;4;4;4;4;3;4;4;4;4;3;2;4;4;4;4;4;4;4;4;3;4;4;4;4;4;4;1;4;2;3;2;3;3;4;1;2;3
162;4;3;2;3;3;2;2;3;3;4;2;2;3;4;2;3;4;3;3;3;4;3;4;4;3;4;3;3;3;3;4;3;3;2;4;3;3;3;3;3;3;3;3;2;3;3;3;4;3;3;3;2;3;3;3;4;3;4;3;4
163;3;4;3;2;3;3;3;3;2;4;2;1;3;4;3;3;3;3;3;3;3;4;2;3;1;2;3;2;2;2;4;3;2;3;3;2;4;3;3;4;1;4;1;2;3;3;3;1;3;4;3;1;3;3;4;3;4;2;4;4
164;4;4;1;4;4;3;3;4;4;4;4;4;3;3;4;4;3;4;4;4;3;4;4;4;4;4;3;4;3;4;4;4;4;4;4;4;4;3;4;4;3;4;4;4;4;4;4;4;2;2;3;2;3;2;4;4;3;3;3;4
165;3;3;2;3;3;3;3;3;3;3;3;3;3;3;3;3;3;3;3;3;3;3;3;3;3;3;3;3;3;3;3;3;3;3;3;3;2;3;3;3;2;3;3;3;3;3;3;3;3;3;3;3;3;3;2;3;3;3;3;3
166;3;3;2;2;3;2;2;3;3;3;3;2;4;3;3;3;3;3;3;3;4;3;4;3;3;4;3;3;3;3;4;4;4;3;3;3;3;3;3;3;3;3;3;3;4;3;3;4;3;2;3;3;3;2;3;3;3;2;3;3
167;3;3;3;4;3;3;3;3;3;3;3;3;3;3;3;3;3;3;3;3;3;2;4;3;2;3;3;2;3;2;4;3;2;3;3;2;4;3;2;3;2;3;3;3;3;4;3;3;4;2;3;2;3;3;3;3;3;2;2;3
168;4;4;3;4;4;3;3;4;4;4;3;1;3;3;4;4;3;4;3;2;3;3;4;4;3;3;3;3;3;3;4;4;4;3;4;4;2;3;4;2;3;3;2;2;2;2;2;3;4;4;4;3;4;3;1;3;3;3;4;3
169;3;3;2;3;3;3;2;3;3;4;2;2;3;3;3;3;3;3;3;3;3;2;3;3;3;3;3;3;3;3;4;4;3;3;4;3;3;3;3;3;3;3;2;2;3;3;2;3;3;2;3;3;3;2;3;3;3;2;3;3
170;4;3;2;4;4;3;3;4;3;4;3;3;4;3;3;4;4;4;3;3;4;4;4;4;3;3;3;3;4;3;4;4;4;3;4;3;3;4;3;3;2;3;2;3;3;3;3;3;3;2;3;2;4;3;3;3;3;2;3;3
171;3;3;2;3;4;2;2;3;3;4;4;2;4;4;4;3;4;4;3;4;4;4;4;4;2;3;2;3;3;3;4;4;3;2;3;2;4;4;3;4;2;4;3;4;4;4;3;3;3;3;3;4;3;3;4;4;4;1;2;4
172;3;3;2;3;3;3;3;3;4;4;3;3;3;2;2;3;3;3;3;3;3;3;3;3;3;3;3;3;3;3;4;3;3;3;3;2;3;3;3;2;3;3;2;3;3;2;2;3;3;2;2;2;2;3;2;3;3;2;3;2
173;4;2;2;3;3;4;2;3;3;2;3;2;3;4;2;4;4;4;3;4;3;4;4;4;4;4;3;4;4;4;4;4;4;3;3;3;3;4;3;4;4;4;4;4;4;4;4;4;1;2;2;2;2;2;2;3;3;4;2;3
174;3;4;3;3;4;3;3;3;3;4;3;3;4;3;4;4;3;4;3;3;3;2;3;3;3;3;3;3;3;3;3;3;2;3;2;2;3;3;2;3;2;3;3;3;3;3;3;3;3;3;3;3;2;3;2;2;3;2;3;3
175;4;3;2;3;4;2;3;4;3;4;3;1;3;3;3;3;3;4;4;4;4;3;3;4;3;4;3;3;4;3;4;4;4;3;4;3;4;3;3;3;2;3;3;3;3;2;3;3;2;2;3;2;2;3;2;4;3;2;3;3
176;4;4;2;4;4;3;3;2;3;4;2;2;2;2;3;4;3;4;3;3;3;4;4;3;2;3;2;3;4;3;4;3;3;3;3;3;3;2;4;3;3;4;2;2;4;3;3;2;4;3;3;4;3;3;3;2;3;3;3;2
177;3;3;3;3;3;2;3;3;3;4;3;3;3;3;3;3;3;3;3;3;3;3;3;3;3;3;3;3;3;3;3;3;3;2;2;2;3;3;3;3;2;3;2;3;3;3;2;3;3;3;3;2;3;3;3;3;3;3;3;3
178;4;3;3;3;3;3;4;4;2;3;3;3;3;3;2;3;3;3;3;3;3;3;3;3;2;2;2;3;2;3;4;4;3;4;3;2;3;3;3;3;3;3;2;3;3;3;3;3;4;3;4;3;3;3;3;3;3;3;2;3
179;4;4;2;4;4;2;3;4;3;4;4;2;4;4;4;4;4;4;4;4;4;4;4;4;3;3;3;3;4;3;4;3;4;3;3;3;4;4;2;4;3;4;3;3;4;3;3;2;4;2;3;2;4;2;3;4;4;2;1;4
180;4;4;3;3;4;3;3;3;4;3;3;3;3;3;3;3;4;3;3;3;4;3;4;4;2;3;2;3;4;3;4;3;4;2;3;3;4;2;3;3;2;3;3;3;3;3;3;3;3;3;3;3;3;3;3;3;3;2;3;4
181;4;4;4;4;4;3;4;4;4;4;3;3;3;1;4;4;4;4;4;3;4;3;4;4;1;2;1;4;3;2;4;4;4;4;3;4;3;4;3;3;2;4;4;1;3;4;3;2;4;4;4;2;4;3;4;4;4;2;3;4
182;4;3;3;4;4;2;2;3;3;3;2;2;4;3;3;4;4;4;3;3;4;3;3;3;2;3;3;4;2;3;3;3;4;2;3;3;3;3;3;3;2;3;2;2;3;3;2;2;3;4;3;3;3;3;2;3;3;1;3;3
183;3;4;2;4;4;4;4;3;3;4;3;2;3;3;3;4;4;3;3;3;4;4;3;3;3;3;3;3;3;3;4;3;3;3;3;3;3;3;3;3;2;3;3;3;3;3;3;3;3;3;3;3;3;3;3;3;3;3;3;3
184;4;4;4;4;4;3;4;4;3;4;2;3;4;3;3;4;2;3;3;2;4;3;3;4;1;3;2;2;3;2;4;3;4;1;3;3;2;2;1;2;2;3;1;1;2;2;1;2;4;3;4;3;3;3;4;3;2;2;3;3
185;4;3;2;2;4;2;2;2;3;4;3;3;3;4;4;3;4;4;4;3;4;4;3;4;3;3;4;3;4;4;4;4;3;4;3;3;3;3;2;4;3;3;3;3;3;3;4;3;3;3;3;3;3;2;3;3;4;3;3;4
186;3;4;2;3;4;2;3;3;3;4;3;3;4;4;4;4;4;4;3;3;4;4;4;3;3;3;3;3;3;3;3;3;3;3;2;3;4;3;3;4;3;4;3;3;4;4;2;3;3;4;3;4;4;3;3;3;4;3;3;4
187;4;4;1;4;4;2;3;4;3;4;4;2;4;4;4;4;4;4;2;1;4;3;4;3;3;4;4;4;4;4;4;4;3;3;4;4;4;4;4;4;4;4;2;4;4;4;4;4;2;3;4;1;3;3;4;1;3;1;4;4
188;3;3;2;3;3;2;2;3;3;3;3;3;3;3;4;4;3;4;3;3;3;3;4;3;2;4;2;3;4;3;4;4;3;3;3;3;3;3;3;3;1;3;3;3;2;2;2;3;3;1;3;3;3;3;3;3;1;3;2;3
189;3;3;3;3;3;2;2;3;3;3;3;3;3;3;3;3;4;3;3;3;3;3;3;3;3;3;3;3;3;3;4;3;3;3;3;2;4;2;3;3;3;3;3;3;3;3;3;3;3;2;3;3;3;3;3;3;3;3;3;3
190;3;3;3;3;3;3;3;3;3;3;3;3;3;3;3;3;3;3;3;3;4;3;3;3;3;3;2;3;4;3;4;3;3;3;2;2;4;3;2;3;3;3;3;3;3;3;3;4;3;2;3;2;3;2;3;3;2;3;3;3
191;3;3;2;3;4;4;3;4;4;4;3;2;3;3;3;4;3;4;2;3;3;3;4;4;1;1;1;2;4;2;4;3;3;3;3;2;2;3;2;3;2;3;2;1;3;2;2;2;3;1;4;3;3;2;3;3;3;3;3;3
192;3;3;2;3;4;3;3;3;3;4;3;4;3;4;2;4;3;4;3;4;3;4;3;4;4;4;3;4;4;3;4;4;3;3;3;4;3;3;3;3;3;3;3;3;3;3;3;4;2;3;2;3;3;3;4;4;3;2;3;3
193;4;3;3;4;4;4;3;4;3;4;3;3;3;4;2;3;4;3;3;3;3;3;3;3;4;4;4;4;4;4;4;4;4;4;4;4;3;3;3;3;3;3;4;4;3;3;4;4;4;2;4;3;3;4;3;3;4;3;4;3
194;3;4;2;3;4;2;2;3;3;4;3;3;4;4;3;3;4;4;3;3;4;4;4;3;4;3;3;4;3;3;4;4;3;3;3;3;4;3;3;4;3;4;3;3;4;4;3;3;4;3;3;4;3;3;3;3;4;4;3;4
195;4;3;3;4;4;3;2;4;4;4;2;3;3;2;3;4;4;3;3;2;3;4;4;3;3;3;3;3;3;3;4;4;3;3;3;2;3;2;3;3;3;4;3;4;3;3;2;4;4;3;4;3;3;2;3;3;3;3;2;3
196;2;3;3;3;3;2;2;3;3;3;2;3;3;3;3;3;3;4;4;4;3;4;3;3;3;3;3;3;3;2;4;3;3;3;2;4;3;2;3;3;3;3;3;4;3;3;3;4;4;2;3;2;3;2;3;3;3;3;3;3
197;3;4;1;4;4;2;2;3;3;4;3;3;3;3;4;2;4;3;4;3;3;3;4;4;4;4;1;3;4;2;4;4;3;3;1;3;4;4;4;4;3;4;4;4;4;4;4;4;3;2;2;2;3;3;2;3;3;2;2;3
198;2;4;3;3;4;3;3;3;1;3;2;3;4;2;4;4;3;4;2;3;4;4;4;3;1;3;1;2;1;1;2;2;1;1;2;1;2;4;1;3;1;4;1;1;2;3;1;1;3;2;3;4;3;1;3;3;2;1;3;3
199;3;3;3;3;4;3;3;3;3;3;3;2;3;3;3;3;3;3;3;3;3;3;4;4;3;3;2;3;3;3;3;3;4;2;3;3;3;3;3;3;2;3;3;3;3;3;2;3;2;2;2;2;2;3;2;2;3;2;2;3
200;4;2;2;4;4;3;3;4;4;4;3;3;3;3;3;3;4;4;4;4;4;3;4;4;3;4;3;3;4;4;4;4;4;3;3;3;4;3;3;3;3;4;3;4;4;3;3;4;4;2;4;3;4;3;3;4;3;2;2;4
201;3;3;3;4;4;3;3;3;3;4;2;3;4;3;3;3;3;4;3;3;3;3;4;3;3;3;2;3;3;3;4;4;3;2;2;3;3;3;2;3;2;4;3;2;3;3;3;3;3;3;3;2;3;2;3;2;4;2;2;3
202;4;4;3;4;4;3;3;4;4;4;3;3;4;4;4;4;3;3;4;3;4;3;4;3;3;4;4;3;4;2;4;4;4;3;4;3;3;2;4;4;2;3;2;2;3;3;3;3;3;1;3;2;3;3;3;3;3;3;2;4
203;3;3;2;3;3;3;3;3;3;3;3;2;3;3;3;3;4;3;3;3;3;3;3;3;3;3;3;3;3;3;3;3;3;3;3;3;3;3;3;3;3;3;3;3;3;3;3;3;3;3;3;3;3;3;3;3;4;2;3;3
204;4;4;3;4;4;3;3;3;2;4;3;2;4;4;2;4;4;4;3;4;4;4;4;3;2;4;4;4;4;4;4;4;3;3;2;4;4;3;3;4;4;4;3;4;4;3;2;1;3;3;3;3;3;2;3;3;4;2;1;4
205;3;3;3;3;3;3;3;3;2;4;3;3;3;3;4;3;3;3;3;3;3;2;3;3;2;3;2;3;3;3;4;3;3;3;3;3;3;2;3;2;2;3;3;3;3;4;3;3;3;3;3;3;3;1;4;3;3;1;2;3
206;4;4;3;4;4;4;4;4;3;4;3;2;4;4;4;4;4;4;4;4;4;4;4;4;4;4;3;4;4;4;4;4;4;4;4;4;3;4;3;3;3;4;3;2;4;4;3;4;4;1;3;1;4;3;4;3;4;3;3;3
207;4;4;2;4;4;2;2;4;4;4;2;1;4;4;1;4;4;4;4;4;4;4;4;4;4;4;4;4;4;4;4;4;4;4;3;4;4;4;2;4;3;4;4;4;4;4;4;4;4;4;4;4;4;3;3;3;4;4;3;3
208;4;3;2;3;4;3;3;3;4;3;3;3;3;3;4;3;3;3;3;3;4;3;3;3;3;4;4;3;4;4;3;4;4;4;3;3;4;3;4;3;3;3;3;3;3;3;3;3;2;2;2;2;3;4;3;3;4;3;3;3
209;3;3;3;4;3;2;2;2;2;3;3;3;4;3;3;3;4;4;3;4;4;4;4;4;3;4;3;2;3;4;4;3;3;2;3;3;4;3;3;3;4;4;3;2;3;4;3;3;3;2;3;3;3;3;4;4;4;2;3;3
210;4;3;2;2;4;1;2;3;2;3;2;2;4;3;4;4;4;4;3;3;4;3;4;4;4;4;3;3;4;4;4;4;4;4;2;3;4;4;4;4;1;3;4;3;4;3;4;4;3;3;3;2;3;4;4;3;4;1;3;3
211;2;3;3;3;3;4;3;2;2;4;2;3;3;4;3;3;3;4;3;2;3;3;4;3;2;2;2;2;2;3;3;3;3;1;3;3;1;2;1;2;2;3;2;1;2;2;1;3;3;1;4;2;3;3;4;3;3;3;3;3
212;3;3;4;3;3;4;3;3;3;3;3;3;2;3;4;3;3;3;3;3;2;3;3;3;4;3;3;3;3;2;3;2;3;3;3;3;2;2;2;3;2;3;2;3;2;2;2;2;3;2;3;2;2;2;3;3;2;2;3;2
213;3;3;3;3;4;3;3;3;3;3;3;2;3;3;3;3;3;3;3;3;3;3;3;3;2;3;2;3;4;3;4;4;3;2;3;3;3;3;3;3;2;3;2;3;3;4;3;3;3;3;3;2;3;3;3;3;3;3;3;3
214;3;3;3;3;4;2;3;3;3;3;3;2;3;3;2;4;3;4;3;3;3;3;3;4;3;3;2;3;3;3;4;3;4;3;3;3;3;3;2;3;2;3;2;2;3;3;3;3;2;1;3;2;2;3;2;3;3;3;3;3
215;3;4;3;3;4;3;3;3;3;3;3;3;3;2;3;4;4;3;4;3;3;3;3;3;2;4;3;3;4;3;3;4;3;3;2;3;3;3;4;3;2;2;3;3;3;4;3;4;3;2;3;3;3;3;3;3;2;2;3;2
216;4;4;2;3;4;2;3;4;3;4;4;3;2;4;1;4;4;4;4;3;4;4;4;4;3;2;3;3;2;1;4;3;2;3;4;2;4;4;1;4;1;3;2;3;4;4;2;4;3;4;3;2;4;4;4;2;4;1;4;3
217;2;3;1;4;3;2;3;2;3;4;3;3;3;3;4;4;4;4;2;3;3;4;3;4;2;3;3;3;4;4;4;4;4;4;4;4;4;3;1;2;2;4;2;4;3;3;2;4;3;1;4;1;4;1;4;3;3;2;4;3
218;3;3;3;3;3;3;3;3;3;3;3;3;3;3;3;3;3;3;3;3;3;3;3;3;3;3;3;3;3;3;3;3;3;3;2;3;3;2;2;3;3;3;3;3;3;3;3;3;3;2;3;2;2;3;3;2;3;3;2;3
219;4;3;2;3;4;2;3;2;3;4;3;3;3;3;2;3;4;3;4;3;3;3;3;3;2;3;2;2;4;3;4;3;3;3;3;3;4;3;4;2;3;3;2;3;2;3;3;2;3;2;2;2;3;2;3;3;4;2;2;3
220;3;3;3;4;3;3;3;3;3;4;3;3;3;3;3;3;3;3;3;3;3;2;3;3;3;4;3;3;4;3;4;3;4;3;3;3;2;3;3;2;3;3;2;3;2;3;2;3;3;3;3;2;3;2;3;3;3;1;3;3
221;4;4;3;4;4;1;2;4;4;4;3;2;4;4;4;4;4;4;4;4;3;4;4;4;4;4;3;4;4;4;4;4;4;4;4;4;4;4;4;4;2;4;4;4;4;4;3;4;3;4;4;4;3;3;3;4;4;4;4;4
222;3;3;3;3;3;2;3;2;2;3;3;3;3;3;4;3;3;3;3;3;3;3;3;3;2;2;2;3;2;2;2;2;2;1;2;4;3;3;3;3;2;2;2;2;3;3;3;3;3;3;2;3;3;3;3;3;3;2;2;3
223;3;3;2;3;4;2;2;4;3;4;3;3;3;3;3;4;3;4;3;3;3;3;4;3;3;3;3;4;3;3;4;4;3;3;3;3;3;3;3;3;3;3;3;3;3;4;2;3;3;3;3;3;4;3;3;3;3;3;3;3
224;4;4;3;4;4;3;3;4;4;3;3;3;3;3;2;3;3;3;3;2;4;3;4;3;2;2;2;2;2;2;4;2;3;3;3;3;2;3;2;3;1;4;1;2;2;2;1;2;1;1;2;3;2;3;2;2;3;2;2;3
225;4;3;2;3;3;2;3;4;3;3;2;1;2;3;3;3;3;3;3;2;3;3;4;3;3;3;2;3;3;3;4;4;3;3;4;3;4;3;2;3;2;3;4;4;3;3;4;4;3;2;3;3;3;3;2;3;2;4;3;2
226;3;3;3;3;3;3;3;4;4;3;2;3;4;3;2;3;2;3;3;3;3;2;3;4;4;4;2;3;4;4;4;4;4;4;3;4;2;4;2;3;2;3;2;2;2;2;2;1;2;2;2;2;2;3;2;3;2;2;3;3
227;4;4;1;4;4;4;4;4;4;4;4;4;4;4;1;4;4;4;4;4;4;4;4;4;4;4;4;4;4;4;4;4;4;4;4;4;4;4;4;4;4;4;4;4;4;4;4;4;4;4;4;4;4;4;4;4;4;4;1;4
228;3;3;2;3;3;3;3;3;3;4;3;2;2;3;3;4;3;3;2;2;3;3;3;3;3;3;2;3;3;3;3;3;3;3;3;2;3;3;3;3;2;2;2;2;2;2;2;3;3;3;3;3;3;3;3;3;2;2;3;2
229;3;3;3;3;4;3;3;3;2;3;2;2;3;4;3;4;3;4;3;3;2;3;3;3;3;3;2;3;3;2;4;3;3;2;3;3;2;3;3;3;3;3;1;2;2;1;2;2;1;1;1;1;2;1;2;3;4;3;2;3
230;3;3;3;3;3;3;3;3;3;4;3;3;3;3;4;3;3;3;3;3;3;3;3;3;2;3;3;3;3;3;3;3;4;3;3;3;3;3;2;3;2;3;3;3;3;3;3;2;3;2;3;2;3;3;3;3;2;3;2;3
231;3;4;4;4;4;3;3;4;4;4;4;3;4;4;4;4;4;4;3;3;4;2;4;4;1;3;2;2;2;4;4;4;3;4;4;4;2;3;2;3;2;3;1;1;1;2;1;3;3;3;3;3;4;3;4;4;4;1;4;4
232;4;3;2;3;3;2;3;3;3;3;3;3;2;4;3;2;3;4;3;3;2;3;3;4;3;3;3;3;3;3;4;4;3;3;3;3;3;3;3;3;3;3;2;2;3;2;2;2;3;2;3;3;3;2;3;4;2;3;2;4
233;4;4;2;4;4;3;3;2;3;3;3;3;3;2;3;3;3;3;3;3;3;2;4;3;3;3;3;3;4;3;4;4;2;3;3;3;4;3;3;3;3;3;4;4;3;4;4;4;1;1;2;2;3;2;3;3;2;3;3;2
234;3;4;3;3;4;3;4;3;3;3;3;3;3;3;3;3;3;3;3;3;3;3;3;3;1;1;3;3;3;3;3;3;3;2;3;3;4;3;3;3;3;3;3;3;4;4;3;3;3;2;3;3;3;2;3;3;3;2;2;3
235;4;3;2;2;4;4;2;4;4;4;2;2;4;3;4;4;4;4;4;4;3;3;4;4;4;4;3;4;3;4;4;4;4;3;4;4;3;2;2;4;4;3;4;4;3;3;3;4;3;2;4;2;4;3;2;4;3;3;3;4
236;4;3;2;4;4;4;2;3;3;3;2;3;3;4;2;2;3;4;3;3;4;2;3;4;3;3;3;3;3;3;4;3;3;1;3;3;4;2;2;2;3;3;3;2;4;3;1;3;4;2;4;2;3;3;3;2;3;2;3;3
237;3;3;3;3;3;3;3;3;3;4;3;2;3;3;3;4;3;3;4;3;4;3;4;3;2;3;3;3;3;3;4;3;3;3;3;3;3;3;3;3;3;3;3;3;3;3;2;3;2;2;3;3;2;3;2;3;4;3;3;3
238;4;4;1;3;3;3;3;3;3;4;3;3;4;3;3;2;4;4;4;4;3;4;4;4;4;3;3;4;4;4;4;4;2;2;2;2;4;4;3;3;3;4;4;3;4;4;4;4;3;1;3;1;4;2;4;4;4;4;4;3
239;4;4;2;4;4;2;2;3;4;4;3;3;4;3;4;4;4;4;4;4;4;3;4;4;4;4;4;4;4;4;4;4;4;4;4;3;4;4;4;4;3;4;4;4;4;4;4;4;4;2;3;3;4;2;4;3;3;3;3;3
240;4;4;2;3;4;3;3;4;3;4;3;3;4;3;3;3;4;4;3;3;4;3;4;4;4;4;3;4;4;3;4;4;4;3;4;3;4;3;3;3;3;3;4;4;3;3;3;2;3;2;4;3;3;3;3;3;4;3;2;3
241;2;3;2;2;3;1;3;4;3;3;3;2;2;2;3;3;3;4;3;3;4;4;3;4;2;2;2;2;3;1;4;2;2;2;2;1;3;3;2;3;1;2;3;2;4;3;2;3;1;3;3;3;3;2;4;3;2;3;4;2
242;3;3;2;3;4;2;3;3;2;4;4;3;4;3;3;3;3;4;2;3;4;4;3;3;3;3;1;3;4;3;4;3;3;1;4;3;4;4;2;3;3;3;3;3;3;3;3;1;3;1;2;2;4;2;3;4;1;1;3;2
243;2;4;2;4;4;3;3;3;4;4;4;3;4;4;3;4;4;4;4;4;4;3;4;4;2;3;4;3;3;3;4;4;3;3;3;2;4;3;3;3;2;4;2;3;4;4;2;3;3;4;4;4;3;2;3;4;4;2;3;4
244;3;3;2;3;3;3;2;3;3;4;2;3;3;3;3;2;3;3;3;3;3;3;3;3;3;3;3;3;3;3;3;3;3;3;3;3;3;3;3;3;3;2;2;3;3;3;3;3;3;2;3;2;3;3;3;3;3;3;3;3
245;3;3;2;3;3;3;2;4;3;3;3;2;3;3;3;4;3;4;3;3;3;3;4;4;2;3;2;2;4;3;4;4;2;4;3;3;4;3;1;4;2;4;3;3;3;3;3;3;2;3;2;3;3;3;2;3;4;3;2;4
246;3;3;2;3;3;3;3;3;3;3;3;3;2;2;3;4;3;3;3;3;3;3;4;3;3;3;2;3;3;3;3;3;3;3;3;3;3;3;3;3;2;3;3;3;3;3;3;4;3;3;3;3;3;3;3;3;3;3;3;3
247;4;3;3;3;3;4;4;3;3;3;3;3;2;3;3;3;3;3;3;3;3;4;3;3;2;3;2;4;3;3;4;4;3;4;2;3;3;4;2;3;2;3;4;4;4;4;4;4;3;2;4;2;3;2;3;3;3;2;3;3
248;4;4;4;4;4;4;4;4;4;4;4;3;4;4;2;4;3;4;3;3;4;3;4;4;1;2;1;3;2;3;4;4;4;3;3;4;2;4;3;3;3;4;2;1;4;4;1;4;3;3;4;4;3;4;4;3;3;1;2;3
249;4;4;3;4;4;4;4;4;1;4;4;4;4;3;2;4;3;4;4;3;4;4;4;3;3;4;3;4;4;4;4;4;4;3;3;4;4;4;3;4;3;3;3;4;4;4;4;1;1;2;2;3;3;2;2;3;3;2;2;3
250;2;3;3;3;3;3;3;3;3;3;3;3;2;3;3;3;3;4;3;2;3;3;3;3;2;2;3;2;3;2;4;3;3;3;4;3;2;2;3;3;1;3;2;3;2;3;2;2;2;2;2;2;2;2;3;3;3;2;2;3
251;4;4;4;4;4;1;4;4;4;4;4;4;4;4;1;4;4;4;4;4;4;4;4;4;4;4;4;4;4;4;4;4;1;4;4;4;3;1;2;1;3;4;2;2;2;2;1;1;3;1;3;2;3;4;2;3;4;4;2;4
252;3;3;2;3;3;3;3;3;3;3;3;3;3;3;3;3;3;3;2;3;3;3;3;3;3;3;3;3;3;3;3;3;3;3;3;3;4;3;3;3;3;3;2;3;3;3;3;3;2;2;3;3;4;2;3;3;4;2;3;4
253;2;4;2;4;4;1;3;3;3;4;3;3;3;2;3;4;4;4;3;3;3;4;4;3;4;4;4;4;4;4;4;4;2;4;2;4;4;4;4;4;3;4;4;4;4;4;4;4;3;2;2;2;4;1;4;4;2;1;3;2
254;4;3;2;3;4;3;3;4;3;4;3;2;3;3;3;4;4;3;3;2;4;3;3;3;3;3;2;3;3;3;4;3;3;3;3;3;3;4;2;3;2;3;3;4;3;4;3;3;4;3;3;2;3;3;3;3;3;2;2;3
255;4;3;3;3;3;3;3;3;3;3;3;3;3;3;3;3;3;3;3;3;3;3;3;3;3;3;3;3;3;3;4;3;3;3;3;3;3;3;3;3;2;2;3;3;3;3;3;3;3;3;3;3;3;3;3;3;3;3;3;3
256;4;3;2;3;4;3;2;4;3;4;4;4;4;4;3;4;4;3;4;4;4;3;4;4;4;4;3;4;4;3;4;4;3;4;4;2;4;3;2;3;3;3;2;3;4;4;3;4;3;2;2;3;4;3;4;4;3;3;3;4
257;2;4;2;3;4;3;4;3;3;4;4;4;4;3;4;4;4;3;3;3;4;3;4;3;2;3;3;3;3;3;4;4;2;3;3;2;4;4;4;3;2;4;4;3;4;4;3;4;4;3;3;2;3;2;3;3;3;2;3;2
258;3;3;3;4;4;3;3;2;2;3;3;3;2;3;3;4;3;2;4;3;3;3;3;3;2;2;2;2;3;3;4;3;3;3;3;2;3;3;2;3;2;3;2;3;2;3;3;3;4;2;2;4;3;3;3;3;3;1;3;3
259;4;4;4;4;4;3;4;4;4;4;4;3;4;4;4;4;4;3;4;4;4;4;4;4;3;4;3;3;4;3;4;4;4;3;3;4;3;2;3;2;2;4;2;2;2;2;2;3;2;3;3;3;3;3;2;2;4;3;2;4
260;3;3;2;3;3;3;3;3;3;4;1;2;3;3;3;4;3;4;2;2;3;3;3;3;1;2;3;3;2;2;4;3;3;2;3;3;3;4;2;3;2;3;2;2;3;2;2;2;4;3;4;2;4;2;4;3;3;3;4;3
261;3;3;3;3;3;3;3;4;3;4;3;3;3;3;2;4;3;3;2;3;2;3;4;4;3;3;3;2;3;3;3;3;3;2;2;3;3;3;2;3;1;3;2;1;3;3;1;2;4;4;3;2;3;3;4;3;3;2;4;2
262;1;4;3;4;3;2;3;3;2;3;2;2;3;3;2;3;3;3;4;3;3;3;4;3;1;2;2;2;3;3;3;3;1;2;2;2;4;4;3;3;2;3;2;2;3;3;1;3;3;3;3;3;3;3;3;3;3;2;2;2
263;4;4;2;3;3;4;4;3;3;3;3;4;4;3;3;3;4;4;3;4;4;4;3;4;3;4;3;4;4;3;4;4;3;3;3;4;4;4;4;3;2;4;3;3;3;2;3;3;3;2;3;1;3;2;2;3;4;2;2;3
264;3;3;3;3;3;3;3;3;3;3;3;3;3;3;3;3;3;3;3;3;3;3;3;3;3;3;3;3;3;3;3;3;3;2;3;3;3;3;2;2;3;3;3;3;3;2;2;3;3;2;3;2;3;3;3;3;3;2;3;3
265;4;4;2;2;4;4;2;3;4;4;2;4;4;4;3;4;4;4;4;4;4;4;4;4;4;4;4;4;4;4;4;4;4;4;4;4;4;4;4;4;2;4;3;3;4;4;4;4;4;3;3;2;4;3;4;4;4;1;3;4
266;3;4;3;4;4;1;4;2;2;3;3;2;3;4;3;4;3;4;3;3;4;4;4;4;4;4;3;4;4;4;4;4;2;3;3;2;4;4;4;3;3;3;2;3;3;3;2;2;4;4;3;2;3;2;2;4;3;2;2;3
267;3;3;3;3;3;3;3;3;3;3;3;3;3;3;3;3;3;3;3;3;3;3;3;3;3;3;3;2;3;3;4;3;3;3;3;3;3;3;2;3;2;3;2;3;3;3;2;2;3;2;3;3;3;3;3;3;3;3;3;3
268;4;4;3;3;4;2;3;3;4;4;3;2;3;3;4;4;3;4;3;3;3;3;4;4;2;3;3;3;3;3;4;4;2;3;3;3;4;4;3;4;1;3;3;4;4;4;3;2;2;3;3;4;3;4;4;4;4;2;3;4
269;4;4;3;4;4;3;4;4;3;4;2;3;4;3;3;2;4;4;3;4;4;4;4;4;3;3;3;3;4;3;4;4;3;3;3;2;4;4;2;4;3;4;3;4;4;4;2;4;4;2;4;4;3;3;3;4;3;3;3;4
270;3;3;3;3;3;4;3;3;4;4;3;3;3;3;3;4;2;3;2;3;3;3;3;3;2;3;3;2;3;3;3;3;3;3;3;3;2;2;3;2;3;3;2;4;2;2;2;3;3;3;3;2;2;4;2;3;3;2;2;2
271;3;3;1;3;3;3;3;3;3;3;3;3;3;3;3;3;3;4;4;3;3;3;3;3;3;4;3;4;4;3;4;4;4;4;4;3;3;3;3;3;3;3;2;3;3;3;4;3;3;3;3;3;3;3;2;3;3;2;3;3
272;2;4;2;2;4;2;3;2;2;4;2;3;2;4;4;3;4;4;3;4;4;3;4;4;1;3;1;2;3;3;4;4;2;2;2;1;4;3;3;4;3;4;2;2;3;4;3;4;4;3;3;2;4;3;4;4;3;2;3;3
273;4;4;3;4;4;3;3;3;2;4;3;3;4;4;3;4;4;4;3;3;4;4;4;4;1;4;3;3;4;3;4;4;3;3;3;2;4;3;2;3;3;3;2;3;4;3;2;2;3;3;2;3;3;4;3;3;4;1;3;4
274;3;3;2;3;3;2;2;3;3;4;3;3;2;3;3;3;3;3;3;3;3;3;3;3;3;3;3;3;3;3;4;3;3;3;3;3;3;3;3;3;3;3;3;3;2;3;3;3;3;2;3;2;3;3;3;3;3;3;3;3
275;3;3;2;3;3;3;2;3;3;3;3;3;3;2;3;3;3;3;2;3;3;2;3;3;2;3;3;3;3;2;4;3;3;2;3;3;3;2;2;3;2;3;2;3;2;2;2;3;3;2;2;2;3;3;2;2;2;2;2;2
276;4;3;2;3;3;3;3;2;3;3;3;2;3;3;2;4;3;3;3;3;3;3;4;3;4;4;4;4;4;4;4;4;3;3;4;4;3;3;3;4;2;4;3;3;3;3;4;4;3;2;4;2;4;2;4;3;3;4;4;2
277;3;3;3;3;3;3;3;3;3;3;3;2;3;2;2;3;4;3;3;3;3;3;3;4;4;3;3;3;3;3;4;3;3;3;4;3;3;2;2;2;2;3;2;2;4;2;3;3;3;2;2;3;3;2;4;3;3;2;3;4
278;3;3;2;3;4;3;3;3;3;4;3;2;2;3;2;3;3;3;3;2;3;3;3;2;3;4;3;3;4;4;4;4;4;3;3;3;4;3;3;3;4;3;2;3;3;3;3;3;3;3;4;2;3;3;3;3;2;3;3;3
279;3;3;2;2;3;3;3;3;3;3;3;4;3;3;3;4;3;3;3;3;3;3;3;4;3;3;2;3;3;2;3;3;2;2;2;2;3;3;2;3;2;3;1;2;3;2;2;3;3;3;3;4;3;2;3;3;3;2;2;3
280;2;4;3;3;4;3;3;3;4;3;3;2;4;3;3;3;3;3;3;2;4;3;3;2;2;2;2;2;3;3;3;3;3;3;3;2;1;2;2;3;2;3;2;2;3;2;2;2;2;2;3;3;2;2;3;2;3;2;3;2
281;3;3;3;3;4;3;3;3;3;4;4;2;3;3;4;4;4;4;3;3;4;4;4;3;3;3;4;3;4;3;4;4;3;2;3;3;4;3;2;3;2;3;3;4;4;4;4;4;3;3;3;3;2;3;3;3;3;3;3;3
282;3;3;3;3;3;3;3;3;3;3;2;3;2;3;3;3;3;3;3;2;4;3;3;3;2;2;3;2;2;3;3;3;3;2;2;2;2;3;2;2;2;3;2;2;3;2;2;2;2;2;2;3;2;3;3;2;2;2;3;2
283;3;3;3;3;4;2;3;2;2;3;3;3;3;3;3;3;4;3;3;3;3;3;3;3;3;3;2;3;3;2;3;3;3;2;3;3;3;3;2;2;2;3;3;2;3;3;2;3;4;1;3;3;3;3;3;3;3;2;2;3
284;3;3;3;3;3;3;3;3;3;4;3;3;3;2;3;3;3;3;3;3;3;3;3;3;3;3;2;3;3;3;3;3;3;2;3;3;3;3;3;3;3;3;2;2;2;2;2;2;2;2;3;3;2;3;2;3;4;3;2;3
285;2;3;2;3;3;2;2;4;3;4;3;3;3;3;3;3;3;3;3;3;3;3;3;4;3;4;2;3;4;4;4;4;4;3;3;3;3;3;3;3;3;3;3;4;3;3;3;4;3;2;3;2;3;2;3;3;3;3;3;3
286;3;3;3;4;3;3;3;4;3;4;3;2;3;3;3;4;3;4;3;4;3;3;4;4;3;3;3;4;4;3;4;4;3;4;3;4;4;3;2;3;2;3;2;3;3;3;2;2;3;2;4;2;4;2;3;3;3;1;3;3
287;3;3;3;2;4;3;3;4;3;4;2;2;4;3;4;3;4;3;3;3;3;3;3;3;3;3;3;3;4;3;4;3;4;3;4;3;3;3;1;3;1;3;2;2;3;3;2;2;3;1;3;3;3;3;3;3;1;3;3;2
288;3;4;3;4;3;3;4;3;3;3;3;2;3;3;3;3;3;4;3;3;3;3;3;3;3;3;3;3;3;3;4;4;3;3;3;2;3;4;2;3;2;4;2;3;3;3;2;3;3;3;3;3;3;3;3;3;3;1;3;3
289;3;3;2;3;3;2;3;3;3;3;3;3;3;3;3;3;3;3;3;3;3;2;3;3;2;2;2;3;3;3;4;3;3;3;3;3;3;2;3;2;3;3;3;3;3;3;3;4;3;2;3;3;3;2;3;3;3;3;3;3
290;4;4;2;4;3;2;3;3;4;4;3;3;3;3;2;4;3;4;3;3;3;4;4;4;3;3;3;4;4;3;3;4;4;3;4;3;4;4;4;3;3;4;4;2;4;4;3;3;4;2;3;4;3;3;4;3;3;3;3;4
291;4;4;3;4;3;3;4;4;4;3;4;4;3;3;3;3;3;3;3;4;3;3;4;3;4;3;4;3;3;3;4;4;3;4;3;3;3;4;4;3;2;3;4;3;4;4;4;4;4;2;3;3;3;1;4;3;3;2;2;3
292;3;3;3;3;3;3;3;3;3;4;2;3;3;3;4;4;4;4;3;3;4;3;4;3;2;4;3;3;4;4;4;4;3;2;2;3;3;3;3;3;3;3;2;3;2;3;3;2;3;1;3;3;2;2;2;3;3;1;2;3
293;3;3;3;3;3;2;3;3;3;3;3;3;3;3;3;3;3;3;3;3;3;3;3;3;3;3;2;3;3;3;3;3;3;2;3;2;3;3;3;3;2;3;3;3;3;3;3;3;3;3;3;3;3;3;3;3;3;2;3;3
294;2;3;3;3;3;3;3;3;3;3;3;3;3;3;3;2;3;3;3;3;3;3;3;3;2;3;2;3;2;3;3;3;3;2;3;3;3;3;2;3;2;2;2;2;3;2;2;3;2;2;2;2;3;3;2;3;2;2;2;2
295;3;4;3;4;4;3;4;3;3;4;3;2;4;3;3;2;4;4;3;3;4;4;4;4;3;4;3;3;4;4;4;4;3;3;3;3;4;3;2;3;3;3;2;3;3;3;2;3;2;2;3;2;3;3;3;3;3;3;3;3
296;4;4;4;2;4;2;2;3;4;4;3;4;4;3;4;4;4;4;4;4;4;4;4;4;4;4;1;4;4;4;4;4;4;2;3;3;3;4;3;4;3;4;2;4;4;4;4;4;4;2;2;2;3;3;3;4;3;2;2;4
297;2;3;3;3;4;3;3;3;3;4;3;3;3;3;3;4;3;3;3;3;3;4;3;3;3;3;3;3;2;3;3;3;3;3;3;3;2;3;1;2;3;3;2;2;2;2;2;2;3;3;3;4;3;2;3;3;4;2;3;3
298;3;3;3;3;4;4;3;3;4;4;3;3;4;3;2;4;3;4;3;3;3;4;4;4;3;3;2;3;3;3;4;3;3;3;3;2;3;3;4;3;3;3;3;3;3;3;3;3;3;2;4;3;4;3;3;3;4;3;3;3
299;2;4;4;4;4;3;2;4;3;4;3;2;4;4;4;4;4;4;4;4;4;4;4;4;3;4;4;3;4;2;4;4;3;3;4;4;4;4;4;4;2;4;4;4;4;4;4;4;3;3;4;4;3;3;4;4;4;2;4;4
300;4;4;1;4;4;1;4;4;4;4;4;1;4;4;4;4;4;4;4;4;4;4;4;4;4;4;4;4;4;4;4;4;4;4;4;4;4;4;4;4;4;4;4;4;4;4;4;4;4;4;1;1;4;1;4;4;4;1;4;4
301;4;3;1;4;3;3;2;3;3;4;4;4;3;4;4;4;4;4;4;4;4;3;3;4;4;4;4;4;4;4;4;4;4;4;4;4;3;3;3;4;4;4;4;4;4;4;4;4;4;3;4;3;4;4;4;4;4;3;4;4
302;3;3;3;4;4;3;3;4;4;4;3;3;3;3;4;4;4;4;3;3;4;3;3;4;1;2;2;3;3;3;4;4;3;2;4;4;2;3;3;3;3;3;2;2;3;3;3;3;4;3;4;4;4;3;3;3;4;1;4;3
303;2;3;2;3;3;2;3;3;4;3;4;3;3;3;3;3;3;4;3;3;2;3;4;3;1;1;2;1;1;1;3;2;1;2;2;2;2;3;2;2;1;3;1;1;2;3;1;2;3;4;3;3;3;4;3;3;3;4;3;3
304;2;2;3;3;3;3;3;3;3;4;3;3;3;2;2;3;3;3;3;3;3;2;2;3;2;2;3;2;3;3;2;3;3;2;2;2;2;3;3;2;2;2;2;2;2;3;2;2;2;1;2;3;2;3;2;3;4;2;3;3
305;3;3;2;3;4;2;3;4;4;4;3;3;3;3;4;4;4;4;3;4;4;4;4;4;4;4;3;4;4;4;4;4;3;4;4;4;4;3;2;4;3;4;4;4;4;3;3;4;4;2;3;3;4;2;4;4;3;1;2;3
306;4;4;4;4;4;1;4;4;3;4;4;1;4;4;4;1;4;4;4;4;4;3;4;4;1;4;3;4;4;3;1;4;3;1;1;1;4;4;4;4;1;4;4;1;1;2;1;1;4;4;3;4;4;4;4;4;4;1;1;3
307;2;3;3;4;3;3;3;3;2;3;3;3;3;3;4;4;4;3;4;4;4;1;2;2;3;2;1;3;2;3;4;3;2;2;3;1;2;2;2;3;2;3;1;1;2;1;1;1;2;3;2;4;4;4;3;3;4;3;2;4
308;3;3;3;3;3;3;3;4;3;3;3;3;3;3;3;4;3;3;3;3;4;3;3;3;3;3;3;3;3;3;4;3;4;3;3;2;3;3;3;3;3;3;3;3;3;3;3;3;3;2;3;3;3;3;3;3;3;2;3;3
309;3;2;3;3;3;4;2;3;2;3;2;2;3;3;3;3;3;4;4;3;3;3;3;3;3;4;3;4;4;4;4;3;4;3;3;4;2;3;2;3;3;3;2;2;3;2;2;3;4;1;3;2;3;2;3;3;3;2;2;3
310;4;4;2;3;4;3;3;3;3;4;3;4;4;4;4;3;4;4;4;4;4;4;4;4;4;4;4;3;4;4;4;4;3;3;3;3;4;3;3;4;3;4;3;3;4;3;1;3;4;3;3;4;4;2;4;4;3;3;4;4
311;3;4;4;4;4;3;4;3;3;4;3;3;4;4;4;4;4;4;3;3;4;4;4;3;3;3;3;3;3;3;3;3;3;3;3;3;4;4;3;4;3;4;3;3;3;3;3;3;3;3;3;3;4;3;4;4;4;2;3;4
312;2;3;2;4;4;2;3;2;4;2;4;4;3;3;3;4;3;4;4;4;3;3;4;4;3;4;2;4;4;4;4;4;2;3;3;2;3;4;1;3;1;4;2;2;3;3;1;2;2;2;4;3;3;4;4;4;3;2;3;4
313;3;4;1;4;4;3;2;3;4;4;3;4;4;4;4;4;4;4;4;4;4;4;4;4;2;3;4;4;3;4;4;4;4;4;4;4;4;3;4;4;2;4;4;3;4;4;3;4;4;2;4;4;4;4;4;4;4;1;2;4
314;3;3;3;3;3;3;3;3;3;3;3;3;2;3;3;3;3;3;3;3;3;3;3;3;3;3;3;3;3;3;3;3;3;3;2;3;3;3;3;3;3;3;3;3;3;3;2;3;3;2;3;2;3;2;3;3;2;3;3;3
315;4;3;3;4;4;3;4;3;3;3;3;3;3;3;3;2;4;3;3;3;4;3;3;3;2;2;2;3;3;2;3;3;4;3;3;3;4;3;2;3;3;3;3;2;3;3;2;3;2;1;2;3;3;2;2;3;4;2;2;4
316;2;4;3;4;3;3;3;3;3;3;3;3;3;3;3;3;3;3;3;3;3;3;3;3;3;3;3;2;2;3;3;3;2;2;2;2;4;2;3;3;3;3;2;2;4;3;3;3;3;3;2;3;3;3;2;3;2;3;3;3
317;4;3;3;3;3;3;3;3;2;2;2;3;4;3;2;4;2;4;3;3;3;2;3;3;2;2;2;2;3;2;4;4;2;2;2;3;2;2;3;3;2;3;3;2;2;3;1;2;4;2;4;2;3;3;4;3;2;2;4;3
318;4;3;2;4;3;3;3;3;3;4;3;3;3;4;3;4;4;4;4;4;4;4;4;4;3;3;3;4;4;4;4;4;3;4;4;4;4;3;3;4;4;4;3;3;3;3;4;4;4;3;4;4;4;2;4;4;3;3;4;3
319;4;4;3;4;4;4;3;4;4;4;3;3;4;3;2;4;4;4;3;3;3;4;4;4;4;3;3;4;4;4;4;4;4;4;4;4;4;2;3;3;3;3;3;4;3;4;3;4;4;2;4;3;3;3;3;3;4;2;3;3
320;3;3;2;3;4;2;3;3;3;3;3;3;3;4;3;4;4;4;3;3;4;4;4;4;2;2;2;3;4;3;4;3;3;3;3;3;3;3;4;4;3;3;2;2;3;3;3;3;2;1;3;2;4;3;4;4;4;2;3;4
321;4;4;2;4;4;1;3;3;3;4;3;2;4;4;4;4;4;3;4;3;4;4;4;4;4;4;3;4;4;4;4;3;4;3;2;2;4;4;4;4;3;4;3;3;4;4;4;4;4;4;3;3;4;4;4;4;4;1;2;4
322;4;4;3;4;4;4;4;4;4;4;4;4;4;4;3;4;4;3;3;4;4;4;4;4;4;4;4;4;4;4;4;4;4;4;4;4;4;4;4;3;4;4;4;4;4;4;3;4;4;1;4;3;3;2;1;4;3;1;4;4
323;3;3;2;3;3;3;2;2;3;3;2;3;3;3;3;3;3;2;3;3;3;3;3;3;4;3;4;3;4;3;4;3;3;3;3;3;3;3;3;3;3;3;2;3;3;4;3;3;2;1;2;2;4;1;3;3;4;3;2;3
324;4;3;3;3;4;4;3;3;3;4;3;2;4;3;3;4;3;4;3;3;4;3;4;4;3;3;3;4;4;3;4;4;4;3;3;3;3;4;2;4;2;4;1;2;4;3;2;3;4;2;3;1;3;2;3;3;2;2;2;3
325;3;3;3;3;3;4;4;3;3;3;3;3;3;2;3;3;3;3;3;3;3;3;3;3;3;4;3;3;4;3;4;4;4;3;3;2;3;3;3;3;3;3;3;4;3;3;3;3;3;3;4;2;3;4;3;3;3;3;4;3
326;3;3;3;3;4;3;3;3;3;4;3;3;3;4;3;3;3;3;4;3;3;3;4;3;2;3;2;3;4;3;4;4;4;3;2;2;4;3;1;2;3;2;2;2;3;3;1;2;4;2;3;2;3;2;3;3;2;3;2;3
327;4;3;3;4;4;3;2;4;4;4;3;3;4;4;3;4;4;4;4;4;4;2;4;4;4;3;3;3;4;4;4;4;4;3;3;4;3;4;3;3;3;2;3;4;3;4;3;3;3;2;4;2;3;3;3;3;3;3;4;3
328;4;3;4;4;4;3;4;4;2;4;4;3;4;2;1;3;3;3;2;4;4;2;4;3;1;2;1;3;3;3;3;3;4;3;4;3;3;4;2;2;2;3;1;1;2;3;2;1;3;1;3;2;3;2;3;2;1;2;2;3
329;3;3;3;3;4;2;3;3;3;2;3;3;3;3;3;2;3;2;2;3;3;3;3;3;2;3;3;2;3;3;3;3;3;2;2;3;3;3;3;3;3;3;2;3;3;3;2;2;3;3;3;2;3;3;2;3;4;2;3;3
330;3;3;3;3;3;2;3;3;3;3;3;3;3;3;3;3;3;3;2;3;3;3;3;3;2;2;2;2;3;2;3;3;3;2;3;2;3;3;3;3;2;3;2;2;3;3;2;3;2;2;3;3;2;3;2;3;3;2;2;3
331;4;3;4;4;4;4;4;3;4;4;4;3;4;3;1;3;4;3;3;3;3;3;3;3;2;2;2;2;3;2;4;3;4;3;2;4;3;3;3;3;2;3;2;2;2;3;2;2;3;3;2;2;3;3;3;4;4;1;3;3
332;4;4;3;3;4;3;3;3;4;3;3;3;4;4;3;4;3;3;3;3;3;3;4;4;2;3;2;2;4;2;4;3;4;2;4;2;4;3;2;3;2;3;2;2;3;4;3;4;4;3;4;3;3;4;3;3;4;2;4;4
333;4;3;3;4;4;4;2;4;4;4;3;3;4;4;4;4;4;4;4;4;4;4;4;3;3;4;4;4;4;4;4;4;4;4;4;4;4;3;4;4;3;4;2;3;2;3;3;4;4;3;4;3;3;2;4;3;4;1;3;4
334;3;3;3;4;3;3;3;3;2;2;3;2;2;3;3;2;3;3;2;2;2;3;3;2;2;2;2;2;3;2;3;3;2;1;3;2;3;3;3;2;2;3;2;3;3;3;2;3;3;2;3;2;2;3;3;2;3;2;3;3
335;3;3;2;3;4;3;3;3;3;3;3;2;4;3;3;4;3;3;3;3;3;3;3;3;3;3;3;3;3;3;3;3;3;3;3;3;4;3;3;3;2;3;3;3;3;3;3;3;3;3;3;3;3;3;3;3;3;2;3;3
336;4;4;2;4;4;3;3;4;3;4;4;3;4;4;4;4;4;4;4;4;4;4;4;4;1;4;2;4;4;4;4;4;3;3;2;4;2;3;2;4;4;4;3;4;3;3;4;3;3;2;3;2;3;3;3;4;4;3;3;4
337;3;3;3;3;3;3;3;3;3;3;3;3;3;3;2;3;3;3;3;3;2;3;3;3;3;3;3;3;3;3;3;3;2;3;3;3;3;2;2;3;2;3;2;3;3;3;3;3;3;2;3;2;3;3;3;3;2;3;3;2
338;3;3;2;2;3;3;3;3;3;3;3;2;3;3;3;3;3;3;2;2;3;2;3;3;3;3;3;3;3;3;4;4;3;3;4;3;3;3;3;2;3;3;3;3;3;3;3;4;3;2;4;2;3;3;2;2;3;2;3;3
339;4;4;2;4;4;3;4;4;4;4;4;3;3;4;4;4;4;4;3;4;4;4;4;4;4;4;4;4;4;4;4;4;4;4;4;4;4;4;3;4;3;4;4;4;4;4;3;4;4;3;3;4;4;3;4;4;4;2;3;4
340;4;4;2;4;4;3;3;4;3;4;4;4;4;4;4;3;3;4;4;4;3;4;4;4;2;2;2;3;4;3;3;4;2;2;2;2;4;4;2;4;2;4;3;3;3;3;3;4;3;3;3;2;3;3;4;4;3;1;1;3
341;4;3;3;4;4;3;4;3;4;4;4;4;4;4;3;4;4;4;4;4;4;4;4;4;4;4;3;4;4;3;4;4;4;4;4;4;4;4;3;4;3;4;3;4;4;4;3;4;3;3;3;3;4;3;3;4;4;4;3;3
342;2;4;3;4;4;2;3;4;2;4;3;4;2;4;4;3;3;3;4;4;2;4;4;3;3;3;3;3;3;2;3;3;2;3;1;1;3;3;1;3;2;2;1;2;2;4;1;1;4;1;3;1;3;2;4;3;2;3;3;3
343;4;4;4;4;4;3;4;3;4;4;3;3;3;3;2;4;2;3;2;3;3;3;3;3;1;2;2;1;2;2;3;4;3;2;2;2;3;2;3;3;2;3;3;3;3;3;3;3;2;3;3;2;2;3;2;2;3;3;2;2
344;3;3;3;3;3;2;3;3;3;3;2;2;3;2;3;3;3;3;3;3;2;3;3;3;3;3;3;3;3;3;2;3;3;3;3;2;3;3;3;3;2;3;3;3;3;3;3;3;2;2;2;3;3;3;3;3;3;2;2;3
345;4;3;3;3;4;3;3;3;4;3;3;3;3;3;3;3;3;4;3;3;3;3;3;3;3;4;3;3;3;3;4;4;4;3;3;3;3;3;3;3;3;3;2;3;3;3;3;3;2;2;3;2;3;3;3;3;3;2;2;3
346;3;3;3;3;4;2;3;3;2;4;2;2;4;3;3;3;4;4;3;3;4;3;4;3;2;3;2;3;3;3;3;4;3;3;3;3;4;4;3;3;2;3;2;3;4;4;3;2;3;3;2;3;4;3;3;3;4;2;2;3
347;4;4;2;4;4;4;3;4;3;4;4;4;4;4;4;4;4;4;4;4;4;3;4;4;4;4;3;3;4;4;4;4;4;4;4;4;4;3;2;4;3;3;3;4;4;4;3;4;3;2;3;3;3;4;3;3;3;3;4;4
348;4;3;2;4;4;3;3;4;4;4;4;3;3;2;2;4;3;3;2;4;3;2;3;4;4;4;4;4;4;4;4;4;4;4;4;4;3;4;3;2;2;2;2;4;4;3;3;4;3;2;3;3;3;3;2;3;3;3;3;3
349;2;3;2;3;4;2;3;3;2;4;3;3;3;4;3;3;4;3;4;3;3;3;4;3;4;4;3;3;4;3;4;4;3;4;3;2;4;3;2;3;3;3;3;3;3;3;2;4;4;2;4;2;3;2;3;4;3;2;2;3
350;3;3;3;3;3;3;2;3;3;3;2;2;3;3;2;3;3;3;3;3;3;3;3;3;2;3;3;2;3;2;4;3;3;2;3;2;3;3;2;3;2;3;2;3;3;3;2;2;2;3;2;3;3;3;3;2;3;2;3;3
351;3;3;2;2;3;2;2;3;3;3;3;2;3;3;2;3;3;2;3;3;3;3;2;3;2;3;3;3;3;3;3;3;3;3;3;3;2;3;3;2;2;3;2;3;2;2;2;2;3;2;2;2;2;2;2;2;3;2;3;2
352;2;4;2;4;4;4;3;4;4;4;4;4;3;4;4;4;4;4;4;4;4;4;3;4;4;4;4;4;4;4;4;4;4;4;4;4;4;4;3;4;4;4;4;4;3;3;3;3;4;4;4;3;4;3;4;3;4;2;3;4
353;4;4;3;4;3;3;3;3;3;4;3;2;2;3;2;4;3;3;3;3;3;3;4;3;2;3;2;3;3;3;4;4;3;2;3;2;3;3;3;3;3;4;2;3;3;3;2;2;2;3;3;3;2;3;3;2;3;3;2;2
354;3;3;2;3;3;3;3;2;4;3;3;2;3;3;2;3;3;3;3;3;3;3;3;3;2;2;2;3;2;3;4;4;2;4;4;2;3;3;2;3;3;3;2;2;3;3;2;3;1;1;2;1;2;3;2;2;3;2;2;3
355;3;2;3;3;3;3;2;3;3;3;3;2;4;4;3;3;4;4;3;3;3;3;3;3;2;3;3;3;4;2;4;4;4;4;4;3;3;3;2;3;2;3;2;2;2;2;2;2;2;2;1;2;2;3;3;3;2;1;2;3
356;3;3;3;3;4;2;3;3;3;3;3;2;4;3;3;3;3;3;3;3;3;4;4;3;1;3;3;3;2;3;4;3;2;3;2;2;3;3;3;3;2;3;2;3;3;3;2;3;3;2;3;3;3;3;3;3;4;1;3;3
357;3;3;3;3;3;3;3;3;3;3;3;2;3;3;3;3;3;4;3;3;3;3;3;4;2;2;2;3;3;3;4;3;3;3;3;3;3;3;3;3;3;3;3;3;3;3;3;3;3;2;3;3;3;3;3;3;3;3;3;3
358;4;4;4;4;4;3;4;4;3;4;3;3;3;3;3;4;3;4;3;3;3;3;3;3;2;3;3;3;3;3;4;4;3;3;4;3;3;4;4;3;3;3;3;3;3;3;3;3;3;3;4;4;3;3;3;2;3;3;3;3
359;3;3;3;3;3;2;3;4;2;3;2;2;3;3;2;3;3;4;3;3;3;3;4;4;3;3;3;3;3;3;4;3;3;3;3;3;3;2;3;3;3;3;2;3;3;3;2;3;3;3;3;3;3;3;3;3;3;3;3;3
360;3;3;2;4;4;3;3;2;3;4;3;3;4;3;3;4;3;3;3;3;4;4;4;4;3;4;3;3;4;3;4;4;3;3;3;3;3;3;3;3;3;3;3;2;3;3;3;3;4;2;4;3;3;3;3;3;3;1;2;3
361;4;4;1;4;4;1;4;4;4;4;4;4;4;4;4;4;4;4;1;4;4;4;4;4;4;4;4;4;4;4;4;4;4;4;4;4;4;4;4;4;4;4;4;1;4;4;4;4;4;4;4;4;4;4;4;4;4;4;4;4
362;4;4;2;4;4;2;3;3;4;4;4;4;4;4;4;3;4;4;4;4;4;4;4;4;4;4;4;4;4;4;4;4;4;4;4;4;4;4;4;4;3;4;4;4;4;3;4;4;4;3;4;3;4;2;4;4;4;4;4;4
363;3;3;2;3;4;3;3;4;4;4;3;3;3;3;4;4;4;4;2;3;3;4;4;3;2;3;4;4;3;2;4;3;3;3;3;3;3;3;3;3;2;3;3;3;3;4;2;3;3;3;4;3;3;3;3;3;3;3;3;3
364;4;4;3;4;4;3;3;4;3;4;3;3;3;3;4;4;3;4;3;3;3;4;4;3;3;3;2;3;3;3;3;3;3;2;3;2;4;3;3;3;2;3;3;2;4;4;2;4;3;4;3;4;4;3;3;3;4;2;3;3
365;4;4;1;3;4;1;4;3;2;4;3;1;3;4;4;4;4;4;4;2;4;4;4;4;2;3;1;2;1;4;4;4;3;3;4;3;4;3;4;4;2;4;4;4;4;4;4;4;3;1;4;1;4;4;4;4;4;3;4;4
366;3;3;2;4;3;3;2;3;3;3;3;3;3;3;2;2;3;3;3;3;3;3;4;4;3;3;3;3;3;3;4;3;3;3;3;3;3;3;2;3;3;3;3;3;3;2;3;3;3;2;3;3;3;3;3;3;2;4;3;3
367;4;3;3;4;4;3;3;4;3;4;3;2;3;3;3;4;3;4;3;4;3;3;3;4;3;3;3;3;3;3;4;4;3;3;3;3;3;3;3;3;2;3;3;3;3;3;3;3;4;2;4;3;4;3;4;3;3;3;3;3
368;4;4;4;4;4;4;4;4;4;4;4;4;2;2;3;4;3;4;4;4;3;3;4;4;4;4;4;4;4;4;4;2;3;4;2;4;4;4;4;4;1;4;4;3;4;4;4;1;2;1;3;1;2;2;3;3;1;1;3;1
369;4;3;2;3;4;3;3;3;3;4;3;2;4;3;3;3;3;3;3;3;4;4;4;3;2;4;4;3;4;3;4;4;3;3;3;3;3;3;3;3;3;3;3;2;4;3;3;3;3;2;3;3;3;2;3;3;3;1;4;3
370;3;3;2;3;4;3;3;4;3;4;3;3;2;3;2;4;3;3;3;3;3;4;4;4;3;4;3;3;4;3;3;4;3;2;3;3;4;3;3;3;3;3;3;4;4;4;3;4;3;2;3;2;3;2;3;3;2;3;2;3
371;3;3;2;3;3;3;3;3;4;3;3;2;4;4;3;3;4;3;3;4;4;4;3;3;1;4;3;3;4;4;4;4;3;3;4;3;3;3;3;3;4;3;4;3;3;3;4;4;3;2;3;2;3;3;3;3;4;3;3;3
372;3;3;3;4;4;3;3;3;3;4;3;3;4;4;3;3;3;4;3;3;4;3;4;3;3;3;3;3;3;3;3;3;4;1;3;3;4;3;3;3;2;3;2;2;3;3;3;2;3;3;3;3;3;2;3;3;2;2;2;3
373;4;4;3;4;4;3;3;4;3;4;3;3;4;4;3;4;4;3;3;3;4;4;4;4;2;3;3;3;4;4;4;4;4;3;3;3;4;3;3;2;3;4;2;3;3;4;2;3;3;2;3;2;3;3;2;3;4;2;1;3
374;3;3;3;3;3;2;3;3;4;4;3;3;3;4;4;4;3;3;3;3;3;2;3;4;2;2;2;3;3;2;4;2;3;4;4;3;2;3;1;3;1;2;2;2;3;2;1;2;4;3;4;2;3;3;3;3;4;3;4;3
375;3;3;3;3;3;3;3;2;3;4;4;4;4;3;3;3;4;4;3;3;3;4;4;4;2;1;2;2;2;3;3;3;2;2;2;2;4;3;2;3;2;3;2;2;4;4;2;2;3;2;3;3;3;2;4;3;3;1;2;3
376;4;4;2;4;4;1;4;4;4;4;4;4;4;4;4;4;4;4;4;4;4;2;4;4;4;4;2;3;4;4;4;4;4;4;4;4;3;3;3;3;3;4;3;3;4;3;3;4;4;4;4;3;4;3;4;4;4;3;4;4
377;4;3;2;4;4;3;3;4;3;4;2;4;3;3;4;4;4;4;4;4;4;4;3;4;4;4;2;4;4;4;4;4;4;4;4;4;4;3;4;4;2;4;3;3;3;3;4;4;3;3;4;3;3;2;4;4;3;3;4;4
378;4;4;2;4;4;3;3;4;4;4;3;2;4;3;4;4;4;4;4;3;4;3;4;3;4;3;4;3;4;4;4;4;4;3;4;3;3;3;3;3;3;4;2;3;4;3;2;4;3;3;3;4;3;2;3;3;3;4;4;3
379;4;4;2;4;4;2;3;4;4;4;3;2;3;4;3;4;4;4;4;4;3;4;4;4;4;4;4;4;4;4;4;4;4;4;4;1;4;3;3;4;1;3;2;4;3;3;2;2;4;2;3;3;3;2;2;4;4;2;1;4
380;4;3;4;4;3;2;3;3;3;4;3;3;3;3;2;3;3;4;3;3;3;2;3;3;1;2;3;2;3;3;4;3;4;3;2;4;2;4;3;3;3;3;2;2;3;2;1;2;3;2;4;2;3;3;3;4;2;2;2;3
381;3;3;3;3;4;3;3;4;4;4;3;3;3;3;1;3;3;3;3;3;3;2;4;3;3;3;4;3;4;3;4;4;4;3;4;3;3;3;2;2;3;3;2;3;3;3;2;4;3;1;4;3;2;4;2;3;3;4;4;2
382;4;3;3;4;4;3;3;3;3;4;4;3;3;4;2;3;4;3;4;4;4;4;4;4;1;4;3;3;4;3;4;4;3;3;2;3;3;4;3;3;2;4;2;3;3;4;2;4;3;1;2;2;2;4;3;3;4;3;3;3
383;2;3;2;4;3;4;2;4;3;4;3;2;2;3;2;4;3;3;2;3;2;3;3;4;3;4;4;3;4;4;3;4;4;4;4;4;3;3;2;3;3;3;2;2;3;2;2;3;4;1;3;1;3;2;3;3;1;2;3;2
384;3;4;2;3;4;3;2;4;3;4;3;2;4;3;4;4;3;4;3;3;4;4;4;4;2;3;3;3;4;4;4;4;4;3;3;4;3;3;3;3;3;3;3;3;3;3;2;3;3;3;3;3;3;3;3;3;4;3;3;4
385;3;3;3;3;4;4;3;4;3;3;3;3;3;3;3;3;3;3;3;3;3;3;3;3;2;3;2;2;3;2;3;3;4;3;3;3;2;3;2;3;2;2;1;2;2;2;1;2;2;1;3;2;2;3;2;2;3;2;2;3
386;3;3;4;3;4;3;3;3;2;4;3;2;3;3;3;4;3;4;3;3;4;3;3;3;2;3;3;3;3;3;4;3;4;2;2;3;3;3;2;3;3;3;3;3;2;4;3;3;2;3;3;4;4;4;3;3;3;3;3;3
387;3;3;3;3;3;3;2;3;3;3;3;2;3;3;3;2;3;3;2;3;3;3;3;3;3;3;3;3;3;3;4;4;3;3;3;3;3;3;3;3;3;3;3;3;3;2;3;3;3;2;3;2;3;2;3;3;4;3;3;3
388;3;3;3;3;3;4;3;3;3;4;4;3;3;3;2;4;3;4;3;2;3;3;3;3;2;3;3;3;4;3;3;3;3;3;2;2;4;3;3;3;3;3;4;4;4;3;2;4;3;1;3;2;2;3;2;3;3;4;2;2
389;3;3;3;3;4;3;3;3;3;4;3;3;4;4;3;4;3;4;3;3;4;3;3;3;2;3;2;3;3;3;4;3;3;3;3;3;3;2;3;3;3;3;2;3;3;3;3;3;2;2;3;2;2;3;2;2;3;3;3;3
390;4;4;3;3;4;4;4;4;3;4;3;3;2;3;3;3;3;3;3;3;3;4;4;3;2;2;2;2;3;3;2;3;3;2;3;4;3;2;2;2;2;3;3;2;3;3;3;3;2;3;3;2;2;3;2;3;2;3;3;3
391;3;3;3;4;4;2;4;3;3;4;3;2;4;3;4;3;4;3;4;3;3;3;3;3;2;3;1;2;3;2;4;3;2;2;3;2;3;3;3;3;2;4;2;2;3;3;2;3;3;2;3;3;3;3;3;3;4;2;3;3
392;3;3;2;3;3;3;3;3;3;3;3;3;4;3;3;3;3;3;2;3;4;3;3;3;4;4;3;3;4;3;3;3;3;3;3;3;4;2;3;3;3;3;3;3;3;3;3;3;2;3;3;3;3;2;3;3;3;3;3;3
393;3;3;2;3;3;3;3;3;3;3;3;3;3;3;3;2;3;3;3;3;3;3;3;3;4;4;3;4;4;4;4;4;3;4;3;3;3;2;3;3;3;3;3;3;3;3;3;3;2;2;3;2;3;2;3;3;3;2;3;3
394;4;4;3;3;4;3;3;4;3;4;3;3;4;4;3;4;4;4;3;4;4;4;4;4;4;4;4;4;4;4;4;4;4;4;3;4;4;4;1;4;2;4;4;4;4;4;4;4;2;1;1;2;3;2;3;3;4;2;3;3
395;3;3;3;3;4;3;3;2;2;3;2;3;3;4;4;4;3;4;2;3;3;3;2;4;3;3;2;2;3;1;3;3;2;2;3;2;4;2;3;3;1;3;2;2;3;3;2;3;3;2;4;3;2;3;4;3;4;3;3;4
396;4;4;1;3;4;3;3;4;3;4;4;3;4;4;4;4;4;4;4;4;4;4;4;4;1;3;2;4;4;4;4;4;4;2;4;4;4;3;4;4;2;4;3;3;4;4;4;4;4;4;4;4;4;3;4;4;4;1;4;4
397;2;4;1;4;4;4;2;1;3;4;4;3;4;4;4;4;4;4;3;4;4;4;4;4;4;4;4;4;4;4;4;3;2;3;4;3;4;4;1;4;1;4;4;4;4;4;4;4;4;1;4;2;4;4;4;4;2;4;1;1
398;4;4;1;4;4;4;4;4;2;4;3;3;4;3;3;4;4;4;4;4;4;3;4;4;4;4;2;4;4;2;4;4;4;4;4;4;4;2;4;4;4;4;1;4;3;4;1;4;3;1;3;4;3;4;3;4;4;3;2;4
399;3;3;2;3;3;2;2;3;3;3;2;3;2;3;2;3;4;4;3;2;3;3;3;4;2;2;3;3;3;3;4;3;3;3;2;3;4;3;3;3;2;3;3;3;3;3;2;3;3;2;3;2;3;3;3;4;2;2;3;3
400;4;4;3;4;4;4;4;4;3;4;3;3;3;2;3;3;3;3;3;4;4;3;4;4;3;4;2;4;4;2;4;4;3;3;4;3;3;4;3;3;1;3;4;4;4;4;4;4;1;1;3;2;2;3;3;4;2;1;3;3
401;3;4;3;4;4;3;3;4;3;4;3;4;4;4;3;3;4;4;4;3;4;4;4;4;3;3;2;3;3;3;3;4;3;2;3;2;4;4;3;4;3;3;3;3;3;3;3;3;4;2;3;2;4;1;3;3;4;3;2;4
402;4;3;3;3;3;3;3;3;3;3;3;3;3;3;3;3;3;3;2;3;4;3;3;3;3;3;3;3;3;3;3;3;3;3;3;3;3;3;3;3;2;3;2;3;3;3;2;3;3;3;3;3;3;3;3;3;3;3;3;3
403;4;3;3;3;4;4;3;4;4;4;3;1;4;3;4;4;4;4;3;4;4;4;4;4;1;3;4;2;4;2;4;4;4;1;2;4;4;3;4;3;3;4;2;4;4;4;4;4;4;3;4;4;4;4;4;4;3;1;2;3
404;4;2;2;1;4;3;1;4;3;4;1;1;3;3;3;3;4;4;2;3;4;3;4;4;4;4;3;4;4;4;4;4;4;3;4;4;4;2;3;4;3;3;4;3;4;2;4;3;3;2;3;2;3;3;3;2;3;3;2;4
405;3;3;3;3;3;3;3;3;3;4;2;2;3;3;4;4;3;4;1;2;3;2;4;4;2;3;2;2;3;2;3;4;3;3;3;2;3;3;2;3;1;3;2;2;2;2;1;2;3;2;3;2;3;3;2;3;4;1;2;3
406;3;4;3;3;3;3;3;4;3;4;3;3;3;4;4;3;3;4;3;3;3;3;3;3;2;2;2;3;2;2;3;4;2;2;2;2;3;3;3;3;2;3;1;2;3;3;2;2;3;3;2;2;3;2;3;3;3;1;2;3
407;3;3;2;4;3;4;3;3;3;4;2;3;3;3;3;4;3;3;2;3;3;3;4;3;3;3;3;4;3;3;4;4;3;4;4;3;2;4;3;3;2;3;2;2;3;3;1;3;4;4;4;2;2;3;3;3;3;2;4;3
408;4;4;3;3;4;3;3;4;4;4;4;3;2;3;1;3;3;3;2;2;3;3;4;3;2;3;2;3;4;3;4;2;4;3;1;2;2;2;2;3;3;3;2;3;2;3;2;3;3;2;3;1;3;3;3;3;2;3;3;3
409;3;3;2;3;4;3;2;2;2;4;3;3;3;3;3;4;3;4;3;3;3;3;3;3;2;2;2;2;3;2;4;3;3;3;3;2;4;2;3;3;2;3;2;3;4;3;3;3;4;3;4;3;3;2;3;3;3;2;3;3
410;4;4;3;4;4;4;3;3;3;3;3;2;4;3;4;4;4;3;3;3;4;3;4;4;3;4;4;3;4;4;4;4;4;3;4;2;4;3;2;3;3;3;3;4;4;3;3;4;3;1;4;2;3;3;4;3;3;3;3;3
411;2;3;2;3;4;2;2;2;4;3;3;3;4;3;3;3;3;3;2;2;4;2;3;3;3;4;3;3;4;4;4;4;3;3;3;3;3;3;3;3;2;3;3;3;3;3;3;4;4;2;3;3;3;2;3;3;2;2;3;2
412;2;3;3;3;3;3;3;3;3;3;3;3;3;3;3;3;3;3;3;3;3;3;3;3;3;3;3;3;3;3;3;3;3;3;3;2;3;2;2;3;3;3;2;2;3;2;2;2;3;3;3;3;3;3;3;3;3;2;3;3
413;4;3;2;3;4;2;3;4;3;4;3;3;3;3;3;3;4;4;3;3;3;3;4;3;4;4;3;3;4;4;4;4;4;4;3;3;4;3;4;3;3;3;3;3;3;3;3;4;3;3;4;3;3;4;3;3;3;4;3;3
414;4;4;1;3;4;4;3;4;3;4;4;4;4;4;4;3;4;4;3;4;4;3;4;4;2;3;3;4;3;3;4;4;3;4;3;3;4;3;2;4;3;4;2;2;4;3;2;3;3;3;4;4;4;2;4;4;2;3;3;4
415;4;4;2;3;4;2;3;3;3;4;2;3;3;4;4;4;4;3;4;4;4;3;4;4;3;3;4;3;4;4;4;4;4;4;3;3;4;3;2;4;4;4;3;2;3;3;2;2;3;2;3;3;3;2;3;3;2;2;3;4
416;3;3;2;3;4;3;3;3;3;4;3;2;3;3;3;3;3;3;3;3;4;2;3;3;3;3;2;3;3;4;4;3;3;4;4;3;3;3;3;3;3;3;3;4;4;4;3;3;2;2;3;2;3;3;3;3;2;3;2;3
417;3;3;3;3;3;3;3;3;3;4;3;3;2;2;2;3;2;3;3;3;3;4;3;3;2;2;3;2;3;2;3;3;4;3;3;3;2;3;2;2;2;3;2;3;3;2;2;2;4;2;2;2;3;3;2;3;4;3;3;2
418;3;4;3;3;4;2;4;4;3;4;4;3;4;4;4;4;4;4;4;4;4;4;4;4;3;4;2;3;4;3;4;4;1;3;4;3;4;4;2;4;3;4;3;3;4;4;3;4;4;2;4;3;4;2;4;4;4;2;3;4
419;4;3;4;4;4;2;4;4;4;4;4;3;4;4;4;4;4;4;4;4;4;4;4;4;4;4;4;4;4;2;4;4;4;4;4;3;4;4;3;4;2;4;2;3;3;4;2;3;2;4;2;4;3;3;3;3;4;2;3;4
420;4;4;2;2;3;1;3;3;2;4;3;3;3;4;3;4;3;4;4;4;4;3;3;4;2;2;3;4;4;3;4;4;2;2;2;4;4;3;1;3;2;3;2;2;3;4;4;3;3;2;3;1;4;3;4;4;2;1;2;2
421;4;4;2;4;4;3;4;3;4;4;4;4;4;4;3;4;4;4;4;4;4;4;4;4;3;3;3;3;4;3;4;3;4;3;4;4;4;4;3;4;2;4;2;3;4;3;3;3;3;2;3;2;3;3;4;4;4;2;3;4
422;4;2;4;3;4;3;4;4;4;4;2;2;3;2;2;4;3;4;2;2;3;3;3;3;2;3;3;2;3;3;4;3;4;3;2;3;4;3;2;2;3;3;2;3;4;2;2;3;4;2;4;3;4;3;4;4;2;1;3;2
423;4;4;4;4;4;2;4;4;4;4;4;4;3;3;4;4;4;4;4;4;3;4;4;4;3;4;2;4;4;4;4;4;4;3;4;1;4;4;4;4;3;4;4;1;4;4;4;4;4;3;4;4;4;3;4;4;4;2;1;4
424;3;3;3;4;3;2;3;3;3;4;3;3;3;4;4;4;4;4;4;4;4;4;4;4;3;3;3;3;3;2;4;3;3;3;2;3;4;3;3;4;2;4;3;3;4;4;3;3;4;3;3;3;4;2;4;3;3;2;2;4
425;3;3;2;4;3;3;3;3;3;4;3;3;2;3;3;3;3;4;3;3;3;3;3;3;3;3;3;3;3;3;3;3;3;3;2;2;3;2;3;3;3;3;2;3;3;3;3;3;2;2;3;2;3;3;3;3;3;3;3;2
426;3;2;3;3;3;2;3;3;3;2;3;2;3;3;3;3;3;3;2;2;3;2;2;4;3;3;3;3;3;2;3;3;2;3;3;2;4;3;2;3;2;3;2;3;4;3;3;4;2;1;2;2;3;2;3;4;2;1;2;2
427;2;4;2;4;4;1;2;4;3;4;2;1;4;4;3;4;4;4;4;4;4;1;4;4;4;4;4;3;4;2;4;4;4;3;4;3;4;4;2;3;1;4;1;1;4;4;2;4;4;4;4;4;4;4;4;4;3;1;1;4
428;3;4;4;4;4;4;3;2;3;4;3;1;3;3;2;3;3;3;3;3;3;2;3;1;3;3;3;4;3;3;3;4;3;3;3;2;3;3;3;3;3;4;2;4;3;3;3;4;3;3;2;3;3;3;3;3;3;3;2;4
429;4;4;3;4;4;2;4;4;4;4;3;4;3;3;4;4;4;4;3;4;3;4;4;4;2;2;2;2;2;3;3;2;4;2;3;3;3;3;2;3;2;4;2;2;4;3;2;3;4;3;3;3;4;3;4;4;4;3;3;4
430;3;3;2;3;3;3;3;4;3;3;2;2;3;3;3;3;3;4;3;3;3;3;3;3;3;3;3;4;3;3;4;3;3;2;1;3;3;3;3;4;3;4;3;4;3;3;3;4;2;3;2;3;3;2;3;3;2;1;2;3
431;4;4;4;4;4;3;4;4;4;4;3;3;4;4;4;4;4;4;3;4;4;4;4;4;4;4;2;4;4;3;4;4;4;4;3;3;4;4;4;4;1;4;3;3;4;4;4;4;3;3;4;3;3;4;3;3;3;1;3;4
432;2;4;3;3;4;2;3;3;3;3;3;3;3;4;2;4;3;4;3;4;3;3;3;4;2;2;2;3;2;3;4;3;2;2;2;2;4;3;2;4;2;2;2;1;3;3;2;3;2;1;2;1;3;3;4;3;3;3;3;3
433;1;1;1;1;3;1;1;3;4;4;4;2;3;4;4;4;4;1;3;4;3;4;4;4;4;4;4;4;4;4;4;4;4;4;4;4;4;4;1;4;2;4;1;1;4;4;4;1;2;1;4;1;4;1;4;4;3;2;4;4
434;3;3;3;3;3;3;3;3;3;3;3;3;3;3;2;3;3;3;2;3;4;3;3;4;3;4;3;3;3;3;4;2;2;3;3;2;2;3;2;3;3;2;2;2;2;2;2;3;2;1;2;2;2;3;3;2;2;2;3;2
435;4;4;1;4;4;4;4;4;4;4;4;4;4;4;4;4;4;4;4;4;4;4;4;4;4;4;4;4;4;4;4;4;4;4;4;4;4;4;4;4;4;4;4;4;4;4;4;4;4;4;4;4;4;1;4;4;4;4;1;4
436;4;4;4;4;4;4;4;4;2;4;4;4;4;4;2;4;4;4;4;4;4;4;4;4;1;4;4;2;4;4;4;4;4;1;4;4;4;4;1;4;1;1;1;1;1;4;1;2;2;1;2;3;3;4;2;4;3;1;4;4
437;3;3;2;3;4;3;4;4;4;3;3;2;3;4;3;3;4;4;3;3;3;4;4;4;4;4;4;4;4;4;4;4;4;4;4;4;4;3;2;4;3;4;4;4;3;4;4;4;3;2;2;2;4;3;3;4;4;3;3;3
438;4;3;2;4;4;2;3;3;4;4;3;3;4;3;3;4;3;4;2;4;3;3;4;3;4;4;4;4;4;4;4;4;4;4;4;4;3;3;3;1;3;4;3;4;3;4;3;4;3;2;3;3;3;3;4;4;2;1;3;3
439;3;3;2;3;3;3;3;3;3;3;2;2;4;3;3;3;3;4;3;3;4;3;3;4;3;3;3;3;3;3;4;3;3;2;3;3;3;4;3;3;3;3;3;3;3;3;3;3;3;2;3;3;3;3;3;3;3;3;3;3
440;3;3;3;3;4;3;3;3;3;3;3;3;3;3;3;3;3;2;3;3;2;3;3;3;2;4;2;3;4;3;4;3;4;3;3;3;2;2;3;2;3;2;2;3;3;3;2;2;2;1;3;3;3;2;2;3;3;1;3;3
441;2;4;2;3;3;3;3;3;3;3;3;3;3;3;3;4;3;4;3;3;3;3;4;4;2;3;2;3;2;3;4;3;3;2;2;3;3;3;3;3;2;3;3;3;3;4;3;3;3;2;3;2;3;3;4;3;2;2;3;3
442;3;3;3;3;3;3;3;3;3;3;3;3;3;3;3;3;3;3;3;3;2;2;2;3;3;3;3;3;3;3;3;3;3;3;3;3;3;3;2;3;3;3;3;2;3;2;3;3;2;2;2;2;2;3;3;3;3;3;2;3
443;3;3;2;3;4;3;4;3;2;3;3;3;3;4;3;4;4;4;3;4;3;4;4;3;3;3;3;3;3;3;4;4;3;3;3;3;3;3;3;3;3;4;3;3;4;4;3;3;3;3;2;4;4;3;3;4;4;3;2;4
444;2;3;2;2;4;2;3;3;2;4;2;2;4;3;3;3;4;4;3;2;4;3;4;3;1;2;1;3;3;2;4;2;1;2;2;1;3;3;2;3;2;3;3;2;4;4;2;3;3;3;2;3;3;3;3;3;4;2;2;3
445;4;2;4;3;3;2;4;3;3;4;3;3;2;3;3;4;3;4;3;3;3;3;2;4;3;3;3;2;4;2;4;3;4;3;4;4;3;2;2;2;2;3;2;2;2;2;2;2;3;1;4;1;4;2;4;3;2;4;3;3
446;2;4;2;4;3;2;2;3;2;3;3;2;3;3;3;4;3;3;3;4;3;2;3;4;3;4;3;4;4;4;4;4;2;4;4;3;4;4;1;4;3;4;3;3;4;4;3;4;3;2;3;2;3;2;4;2;3;3;1;3
447;2;4;4;4;4;1;4;2;2;4;2;3;3;4;4;3;4;3;4;4;4;3;4;4;1;2;1;2;2;3;4;3;3;3;2;2;3;4;3;3;2;4;1;1;4;4;1;2;4;2;3;3;4;3;4;4;4;3;1;4
448;3;2;2;3;3;3;3;3;3;4;3;2;3;3;4;3;4;3;3;3;4;3;4;3;2;3;2;2;3;3;4;3;2;3;3;3;3;3;3;3;3;3;2;3;2;2;2;2;3;3;3;3;3;3;3;3;4;3;2;3
449;4;3;3;3;4;3;3;3;4;4;3;2;3;4;3;4;3;4;3;4;4;2;4;3;4;4;3;3;4;4;4;4;3;4;3;3;3;3;2;3;4;3;3;3;3;4;3;4;4;3;3;3;4;4;3;4;3;4;3;3
450;3;3;2;4;4;4;2;4;4;4;2;3;4;2;2;4;4;4;1;3;4;3;3;4;2;3;4;4;4;4;4;4;3;3;4;3;3;4;2;3;3;4;3;4;3;3;2;3;2;2;3;2;3;4;2;3;4;2;4;4
451;4;4;3;4;4;2;3;2;4;4;3;4;3;4;2;4;3;4;4;4;3;4;4;4;2;3;4;2;3;4;4;4;3;3;3;3;4;2;3;4;3;3;2;3;3;4;2;2;3;2;3;4;4;3;4;4;3;3;3;4
452;3;3;3;4;3;4;3;3;3;4;3;3;3;4;3;4;3;4;3;3;3;4;3;4;2;3;1;3;3;3;4;3;2;2;3;3;3;3;4;3;2;3;3;3;3;4;3;3;3;4;3;4;3;3;3;3;4;3;3;3
453;4;4;4;4;4;3;4;4;4;4;4;3;2;3;4;4;3;4;4;2;4;4;4;4;3;4;4;4;4;3;4;4;4;4;3;4;4;4;4;4;3;4;4;3;4;4;4;4;4;3;4;4;4;3;4;4;2;4;4;2
454;4;4;2;4;4;3;3;4;4;4;3;2;4;4;3;4;4;2;3;4;4;3;4;4;2;3;3;3;2;3;3;4;3;3;3;1;3;4;3;3;3;4;2;3;4;4;2;4;3;4;3;3;4;4;3;4;4;3;2;4
455;4;3;3;3;3;2;3;4;3;4;3;3;3;3;4;3;4;3;3;3;4;3;4;3;4;4;4;3;3;3;4;3;3;3;3;4;3;3;2;3;2;3;2;4;2;2;2;4;3;3;4;1;3;4;2;3;3;2;3;2
456;4;3;2;3;4;4;2;4;3;3;2;2;3;1;2;3;4;3;3;3;4;2;3;2;4;4;4;4;3;4;4;4;3;3;4;3;3;2;4;3;4;3;3;4;3;3;3;4;4;3;4;3;3;3;3;3;4;4;3;3
457;4;4;3;4;4;2;3;3;3;4;3;4;3;3;4;4;3;4;4;4;4;4;4;4;4;4;3;4;4;4;4;4;3;3;2;3;4;4;3;4;3;4;4;3;4;4;2;3;3;2;4;3;4;3;4;4;3;2;3;3
458;3;3;3;3;3;2;3;2;2;3;3;3;2;3;2;3;3;2;2;3;3;2;3;3;2;2;2;3;2;2;4;3;2;3;2;2;2;3;3;3;2;3;2;2;3;2;2;2;2;2;2;2;2;3;3;3;2;2;3;2
459;4;4;1;4;4;1;4;4;4;4;3;4;4;4;4;4;4;4;4;4;4;4;4;4;4;4;4;4;4;3;4;4;4;4;4;4;4;2;4;4;3;4;4;4;4;4;4;4;4;4;4;4;4;4;4;4;4;4;1;4
460;3;3;3;3;2;3;3;3;3;3;3;3;3;3;3;3;3;3;3;3;3;3;3;3;3;3;3;3;4;3;4;4;3;4;3;3;3;3;3;3;3;4;3;4;3;3;3;4;2;2;2;2;3;3;3;3;2;2;3;3
461;3;3;3;3;3;3;3;3;3;3;3;3;3;3;3;3;3;3;3;3;3;3;3;3;3;3;3;3;3;3;3;3;3;3;3;3;3;3;2;3;2;3;2;2;2;2;2;2;2;2;2;2;3;2;3;3;3;3;2;3
462;4;3;3;4;4;3;3;3;2;4;4;1;4;4;2;4;4;4;3;2;4;4;4;4;4;3;3;3;3;4;4;4;3;4;4;2;4;4;2;3;2;3;2;4;4;3;3;4;3;4;4;3;3;3;2;3;4;3;3;4
463;3;3;3;3;3;3;3;3;3;3;2;2;3;3;3;3;3;3;3;3;4;2;3;3;3;3;3;3;3;3;4;3;3;3;3;3;2;2;2;3;3;3;2;3;3;2;2;2;3;3;3;2;3;3;2;3;3;3;3;3
464;3;3;3;3;3;2;3;3;3;3;3;3;3;3;3;3;4;4;3;3;4;4;4;4;3;3;3;3;4;4;4;4;3;3;3;3;3;2;3;3;3;4;3;4;3;3;2;2;4;2;4;3;3;2;3;4;4;4;3;3
465;2;4;1;4;4;2;3;4;2;4;4;1;4;4;4;4;4;4;4;4;4;4;4;4;4;4;4;4;4;4;4;4;4;4;4;4;4;3;4;4;4;4;4;4;4;4;4;4;4;4;4;4;4;1;4;4;4;4;2;4
466;2;3;2;3;4;2;3;3;3;4;3;2;4;3;3;4;4;4;2;3;4;3;4;4;3;4;3;2;4;4;4;4;3;3;3;2;3;3;2;3;2;3;2;2;2;3;1;3;2;2;3;3;3;3;3;3;2;2;1;3
467;3;3;4;1;3;2;4;4;3;4;4;3;3;3;3;4;3;3;3;3;3;3;3;3;3;3;3;3;3;3;4;3;4;3;3;3;3;3;3;3;2;3;2;3;2;3;2;3;3;2;3;3;3;3;3;3;2;2;3;3
468;4;4;3;4;4;4;4;3;3;4;3;4;4;4;4;4;4;4;4;4;4;4;4;4;3;3;3;3;2;4;4;4;3;3;3;3;3;3;3;3;3;4;2;3;3;3;2;3;2;2;3;3;3;2;3;3;4;1;2;4
469;3;3;3;4;4;3;2;3;2;4;3;3;2;3;4;4;3;3;3;3;3;4;3;4;4;4;3;4;4;4;4;4;4;4;3;4;3;3;3;3;1;3;2;2;3;3;2;2;3;3;4;2;3;3;3;3;4;3;2;3
470;3;2;2;3;3;3;2;3;3;3;3;3;3;3;3;4;3;3;3;3;3;3;3;3;3;3;3;3;3;3;4;3;3;3;3;3;4;3;2;3;2;3;2;3;3;3;3;2;3;1;3;2;2;3;3;3;4;2;3;4
471;3;4;1;4;3;2;2;3;3;4;3;2;3;4;4;4;4;4;4;4;3;4;4;3;3;4;3;4;4;3;4;4;3;3;3;4;4;2;3;4;3;4;3;4;4;4;3;4;4;3;3;4;4;3;4;4;3;2;3;4
472;3;4;3;3;4;2;3;3;4;4;3;2;4;3;4;4;4;4;4;3;4;1;4;3;2;4;2;3;2;2;4;4;2;1;3;2;4;3;2;3;2;3;1;2;2;3;2;3;4;4;4;3;4;1;2;2;4;3;3;3
473;3;3;2;4;3;3;3;2;3;4;3;3;3;2;3;4;3;3;3;4;3;3;4;3;2;3;3;3;3;3;4;4;3;3;3;3;3;3;2;3;2;3;2;3;3;3;3;3;4;3;4;3;3;4;2;3;3;3;3;3
474;3;3;3;3;4;3;3;3;3;3;3;3;3;3;3;2;3;4;3;3;3;3;4;4;2;3;2;4;3;3;4;4;3;2;3;3;4;3;2;3;3;4;2;2;2;3;2;2;2;1;2;2;2;3;2;2;2;2;2;3
475;3;3;2;3;3;3;3;3;3;3;3;3;3;3;3;3;3;3;3;3;3;3;3;3;4;4;3;3;4;4;4;3;4;3;3;3;3;2;2;3;3;3;3;3;3;3;3;3;3;3;3;3;3;3;3;2;3;3;2;3
476;4;3;3;4;4;1;4;4;3;4;3;4;4;4;3;4;4;4;4;4;3;4;4;4;3;4;4;4;4;4;4;4;3;4;4;3;3;3;3;3;2;4;3;2;2;3;3;4;4;3;4;4;4;3;4;4;4;3;3;4
477;4;4;4;3;4;2;4;4;3;4;3;3;4;3;3;3;3;3;3;3;4;3;4;3;2;3;2;3;2;3;3;4;2;2;3;2;3;3;2;4;2;3;2;2;3;3;2;3;3;1;2;3;3;2;4;3;1;1;3;3
478;4;4;3;4;4;1;3;2;2;4;4;4;4;1;1;2;3;4;4;4;4;4;4;4;4;4;4;4;4;4;4;4;4;4;4;4;4;3;2;2;4;4;2;3;4;4;4;4;4;1;3;1;4;1;4;3;1;3;3;1
479;4;3;2;3;4;3;3;4;4;3;3;2;4;3;4;4;4;2;3;3;4;4;4;3;4;4;4;4;4;4;4;4;4;3;4;4;4;3;3;3;3;4;3;3;4;3;3;3;4;3;4;3;4;2;3;4;4;3;3;4
480;1;3;3;3;4;3;2;2;3;4;3;3;3;2;3;4;3;4;4;3;3;3;3;3;3;4;4;4;4;4;4;4;2;2;3;2;3;2;3;2;3;4;1;1;2;1;1;2;3;1;4;1;4;1;4;3;3;2;2;3
481;4;3;3;3;3;3;3;4;3;4;3;2;4;4;3;3;4;3;3;4;3;3;3;3;4;4;4;4;4;4;4;4;4;4;4;3;3;3;3;3;3;2;2;2;3;3;2;2;2;2;3;2;3;2;3;3;4;2;3;3
482;3;3;3;2;3;3;3;3;3;3;3;3;3;3;2;3;3;3;2;3;3;3;3;3;2;3;3;3;3;3;3;3;2;3;3;3;3;3;3;3;2;3;2;2;3;3;2;2;2;2;3;2;2;3;2;2;3;3;3;3
483;3;4;2;4;3;2;4;4;2;4;4;4;3;4;4;4;4;4;4;4;4;4;4;4;3;4;3;4;4;3;4;4;3;3;3;3;4;3;3;3;2;3;3;3;2;3;3;3;3;2;3;3;3;3;3;3;3;3;3;4
484;3;4;2;4;4;1;3;3;3;4;3;3;4;4;3;4;4;3;3;4;4;4;4;3;2;2;2;3;3;3;4;3;2;2;3;3;4;4;3;4;3;4;4;3;4;4;2;4;2;3;3;3;3;2;3;3;3;2;3;3
485;3;3;3;3;4;3;3;4;2;4;3;2;3;3;3;3;3;3;3;3;3;2;3;3;3;3;3;3;3;3;3;3;3;3;2;3;3;3;2;3;3;3;2;2;3;2;1;3;3;2;3;1;3;2;3;3;3;3;3;2
486;3;3;3;3;4;2;3;3;3;4;3;3;3;3;3;3;3;4;2;2;2;3;4;3;2;2;2;3;2;2;4;2;2;2;3;3;3;3;2;3;2;3;3;3;4;3;2;3;3;2;4;2;2;3;2;2;3;2;3;2
487;4;4;2;4;4;3;4;4;2;3;1;1;3;3;4;4;4;3;2;2;3;1;4;3;2;4;4;4;3;3;4;4;3;4;2;2;4;2;4;3;2;3;4;4;2;4;3;2;3;4;4;4;3;4;3;2;4;3;4;4
488;4;3;3;3;4;4;2;4;3;4;3;2;4;4;3;4;4;4;3;3;4;4;4;4;3;3;4;3;4;4;4;4;4;3;3;4;4;3;3;3;4;4;2;3;3;3;3;3;4;3;4;3;4;3;3;4;4;2;3;3
489;4;3;2;4;4;2;3;2;3;4;3;3;4;3;3;4;4;4;4;3;4;3;4;4;2;4;2;4;4;3;4;4;3;3;3;4;4;3;2;4;2;4;3;2;4;3;3;4;3;2;4;3;4;2;4;4;4;2;3;4
490;3;3;2;2;3;3;3;3;3;3;3;2;3;3;3;3;3;3;3;3;3;3;3;3;3;3;3;3;3;3;3;3;3;3;3;3;3;3;3;3;3;3;2;3;3;3;3;3;3;2;3;2;3;2;3;3;3;2;3;3
491;3;3;2;2;4;2;2;4;3;4;3;2;3;4;4;4;4;4;2;4;3;3;2;4;3;3;1;3;4;3;4;4;3;2;2;2;4;3;3;3;1;4;2;1;4;4;3;1;4;4;4;4;4;4;4;4;4;2;3;4
492;2;3;3;3;3;2;3;2;2;3;3;3;3;3;3;3;3;3;3;3;3;3;3;3;2;2;2;2;2;2;2;2;3;2;2;2;3;3;2;3;2;3;2;2;3;3;2;2;3;2;2;3;3;2;3;3;3;2;2;3
493;4;4;2;4;4;3;4;3;3;4;3;4;4;4;3;2;4;4;4;4;4;3;4;4;2;1;3;4;1;4;4;4;1;4;4;4;3;4;4;4;3;4;3;4;3;4;3;4;2;4;2;3;4;2;3;4;4;1;3;4
494;2;3;3;3;3;3;3;3;3;3;3;2;3;3;2;3;2;3;3;3;2;3;3;3;2;3;3;3;3;2;3;3;2;3;3;2;3;3;2;2;2;3;2;3;3;2;2;2;2;2;3;3;2;2;3;3;1;1;2;2
495;2;3;3;3;3;2;3;3;3;3;3;3;3;3;3;3;3;3;3;3;2;3;3;3;2;3;2;2;3;3;3;3;3;2;2;2;3;3;3;3;3;3;2;2;2;2;2;2;2;2;2;3;2;3;2;2;3;2;2;3
496;3;3;4;4;3;4;4;4;3;3;4;3;3;4;3;3;3;4;3;3;4;3;4;3;3;3;4;3;3;3;4;4;4;4;2;4;2;3;3;3;3;3;3;3;3;3;3;3;2;2;3;3;3;3;2;2;2;3;3;2
497;2;4;4;4;4;3;4;4;2;2;2;2;4;3;1;3;2;4;4;3;3;4;4;3;1;1;1;1;1;1;2;1;3;1;2;1;2;4;2;4;1;2;1;1;2;2;1;1;3;3;4;3;2;1;3;2;2;1;3;4
498;4;4;3;4;3;2;3;2;4;4;3;3;3;3;3;4;3;4;3;4;3;4;4;2;3;3;3;3;4;2;3;3;2;3;2;2;4;3;2;3;2;4;3;4;3;4;4;4;3;4;2;4;3;3;3;3;4;1;3;4
499;4;3;3;3;4;4;4;4;4;3;2;1;3;3;2;4;3;4;3;4;4;2;3;4;3;4;3;3;4;4;4;4;3;3;4;3;4;3;3;3;2;3;2;2;4;3;3;3;2;1;3;2;2;1;4;2;4;2;3;2
500;4;2;1;4;2;3;2;1;2;4;2;4;4;4;4;1;4;4;3;4;4;2;3;4;4;4;2;4;4;4;4;4;4;2;4;4;3;2;1;4;4;4;4;1;3;2;4;4;4;1;4;1;2;4;4;3;4;3;4;4
501;3;3;3;3;4;4;2;3;3;4;3;2;4;4;3;4;3;4;3;3;4;3;3;4;2;2;2;3;4;3;4;3;3;3;3;3;4;3;3;4;2;3;2;3;4;2;3;2;3;1;2;2;3;2;2;2;2;2;4;3
502;4;4;2;4;4;2;3;3;3;4;2;3;4;4;4;4;4;4;4;4;4;4;4;4;3;3;3;4;3;4;4;4;3;3;4;4;4;3;2;3;3;4;3;4;3;3;3;2;3;3;3;2;4;3;3;4;4;2;3;4
503;4;4;2;3;4;3;3;4;4;4;3;2;2;3;3;4;3;3;3;3;3;2;4;3;4;3;4;2;4;4;4;4;3;4;4;2;3;3;2;3;1;4;3;3;2;4;4;4;4;3;4;2;3;4;3;2;2;1;3;3
504;3;2;2;2;3;2;2;2;3;3;3;3;3;3;3;3;3;3;3;3;3;2;3;3;3;4;2;2;4;3;4;4;3;3;2;3;4;2;2;3;2;3;3;2;3;2;2;3;3;2;3;2;3;3;3;3;3;2;2;2
505;4;3;2;4;4;3;3;3;3;4;3;3;3;4;3;3;4;4;3;4;4;2;3;4;4;4;4;4;4;4;4;4;4;4;4;4;4;3;3;4;3;3;3;3;4;3;4;4;3;3;3;3;4;3;3;3;3;3;2;3
506;3;2;1;3;3;3;2;3;4;3;3;3;3;2;2;4;2;2;3;2;3;3;3;3;2;3;2;3;3;3;4;3;4;2;3;3;1;2;3;3;2;2;2;2;2;2;2;3;4;1;3;1;2;3;2;3;2;2;3;2
507;4;2;2;3;3;2;2;4;4;4;2;2;3;3;3;3;3;3;3;3;3;3;3;4;3;3;2;3;3;3;4;3;4;3;4;4;3;3;2;3;1;2;2;2;3;3;2;3;3;2;3;3;3;3;2;3;3;2;3;3
508;4;4;2;4;4;3;4;4;4;4;4;4;3;4;4;4;4;4;4;4;4;4;4;4;3;4;3;4;4;4;4;4;4;4;4;4;4;3;4;4;4;4;4;4;4;4;4;4;3;2;4;4;4;2;4;4;4;3;3;4
509;3;3;3;3;4;2;3;3;3;3;3;3;3;3;4;3;4;3;3;3;4;2;3;3;3;3;3;3;3;3;4;3;2;3;2;3;3;3;4;4;3;3;3;3;3;3;3;3;2;3;3;2;3;3;3;3;3;3;3;4
510;3;3;3;3;3;2;3;3;3;3;3;2;3;3;3;3;3;3;2;3;3;3;3;3;3;3;3;3;3;3;3;3;3;3;3;3;3;3;3;3;3;3;3;3;3;3;3;3;3;2;3;3;3;3;3;3;3;2;3;3
511;2;4;2;4;4;2;3;3;3;3;3;3;3;3;3;4;3;3;2;3;4;2;4;3;2;3;2;3;3;3;3;4;3;2;2;3;2;3;2;3;2;3;2;3;3;3;3;3;3;3;2;3;3;3;3;3;4;2;3;3
